standard_id,standard_id_norm,curriculum_version,grade_band,grade_level,subject_code,subject_name_ko,domain_code,domain_name_ko,standard_text_ko,standard_text_en,cognitive_level,cefr_alignment,communication_function,grammar_elements,text_type,topic_tags,target_vocab_level,source_document,source_page,effective_date,verification_status,last_verified,notes
[4영01-01],2015_4영01_01,2015,elementary,3-4,2015_ENG_E,영어,L,듣기,알파벳과 낱말의 소리를 듣고 식별할 수 있다.,,remember,A1,,,,,basic_500,교육부 고시 제2015-74호 [별책14] 영어과 교육과정,,2018-03-01,verified,2026-04-06,PDF 원문(교육부 고시 제2015-74호 별책14) 대조 완료
[4영01-02],2015_4영01_02,2015,elementary,3-4,2015_ENG_E,영어,L,듣기,"낱말, 어구, 문장을 듣고 강세, 리듬, 억양을 식별할 수 있다.",,remember,A1,,,,,basic_500,교육부 고시 제2015-74호 [별책14] 영어과 교육과정,,2018-03-01,verified,2026-04-06,PDF 원문(교육부 고시 제2015-74호 별책14) 대조 완료
[4영01-03],2015_4영01_03,2015,elementary,3-4,2015_ENG_E,영어,L,듣기,"기초적인 낱말, 어구, 문장을 듣고 의미를 이해할 수 있다.",,understand,A1,,,,,basic_500,교육부 고시 제2015-74호 [별책14] 영어과 교육과정,,2018-03-01,verified,2026-04-06,PDF 원문(교육부 고시 제2015-74호 별책14) 대조 완료
[4영01-04],2015_4영01_04,2015,elementary,3-4,2015_ENG_E,영어,L,듣기,쉽고 친숙한 표현을 듣고 의미를 이해할 수 있다.,,understand,A1,,,,,basic_500,교육부 고시 제2015-74호 [별책14] 영어과 교육과정,,2018-03-01,verified,2026-04-06,PDF 원문(교육부 고시 제2015-74호 별책14) 대조 완료
[4영01-05],2015_4영01_05,2015,elementary,3-4,2015_ENG_E,영어,L,듣기,한두 문장의 쉽고 간단한 지시나 설명을 듣고 이해할 수 있다.,,understand,A1,,,,,basic_500,교육부 고시 제2015-74호 [별책14] 영어과 교육과정,,2018-03-01,verified,2026-04-06,PDF 원문(교육부 고시 제2015-74호 별책14) 대조 완료
[4영01-06],2015_4영01_06,2015,elementary,3-4,2015_ENG_E,영어,L,듣기,주변의 사물과 사람에 관한 쉽고 간단한 말이나 대화를 듣고 세부 정보를 파악할 수 있다.,,understand,A1,,,,,basic_500,교육부 고시 제2015-74호 [별책14] 영어과 교육과정,,2018-03-01,verified,2026-04-06,PDF 원문(교육부 고시 제2015-74호 별책14) 대조 완료
[4영01-07],2015_4영01_07,2015,elementary,3-4,2015_ENG_E,영어,L,듣기,일상생활 속의 친숙한 주제에 관한 쉽고 간단한 말이나 대화를 듣고 세부 정보를 파악할 수 있다.,,understand,A1,,,,,basic_500,교육부 고시 제2015-74호 [별책14] 영어과 교육과정,,2018-03-01,verified,2026-04-06,PDF 원문(교육부 고시 제2015-74호 별책14) 대조 완료
[4영02-01],2015_4영02_01,2015,elementary,3-4,2015_ENG_E,영어,S,말하기,알파벳과 낱말의 소리를 듣고 따라 말할 수 있다.,,apply,A1,,,,,basic_500,교육부 고시 제2015-74호 [별책14] 영어과 교육과정,,2018-03-01,verified,2026-04-06,PDF 원문(교육부 고시 제2015-74호 별책14) 대조 완료
[4영02-02],2015_4영02_02,2015,elementary,3-4,2015_ENG_E,영어,S,말하기,"영어의 강세, 리듬, 억양에 맞게 따라 말할 수 있다.",,apply,A1,,,,,basic_500,교육부 고시 제2015-74호 [별책14] 영어과 교육과정,,2018-03-01,verified,2026-04-06,PDF 원문(교육부 고시 제2015-74호 별책14) 대조 완료
[4영02-03],2015_4영02_03,2015,elementary,3-4,2015_ENG_E,영어,S,말하기,"그림, 실물, 동작에 관해 쉽고 간단한 낱말이나 어구, 문장으로 표현할 수 있다.",,apply,A1,,,,,basic_500,교육부 고시 제2015-74호 [별책14] 영어과 교육과정,,2018-03-01,verified,2026-04-06,PDF 원문(교육부 고시 제2015-74호 별책14) 대조 완료
[4영02-04],2015_4영02_04,2015,elementary,3-4,2015_ENG_E,영어,S,말하기,한두 문장으로 자기소개를 할 수 있다.,,apply,A1,,,,,basic_500,교육부 고시 제2015-74호 [별책14] 영어과 교육과정,,2018-03-01,verified,2026-04-06,PDF 원문(교육부 고시 제2015-74호 별책14) 대조 완료
[4영02-05],2015_4영02_05,2015,elementary,3-4,2015_ENG_E,영어,S,말하기,한두 문장으로 지시하거나 설명할 수 있다.,,apply,A1,,,,,basic_500,교육부 고시 제2015-74호 [별책14] 영어과 교육과정,,2018-03-01,verified,2026-04-06,PDF 원문(교육부 고시 제2015-74호 별책14) 대조 완료
[4영02-06],2015_4영02_06,2015,elementary,3-4,2015_ENG_E,영어,S,말하기,쉽고 간단한 인사말을 주고받을 수 있다.,,understand,A1,,,,,basic_500,교육부 고시 제2015-74호 [별책14] 영어과 교육과정,,2018-03-01,verified,2026-04-06,PDF 원문(교육부 고시 제2015-74호 별책14) 대조 완료
[4영02-07],2015_4영02_07,2015,elementary,3-4,2015_ENG_E,영어,S,말하기,일상생활 속의 친숙한 주제에 관해 쉽고 간단한 표현으로 묻거나 답할 수 있다.,,apply,A1,,,,,basic_500,교육부 고시 제2015-74호 [별책14] 영어과 교육과정,,2018-03-01,verified,2026-04-06,PDF 원문(교육부 고시 제2015-74호 별책14) 대조 완료
[4영03-01],2015_4영03_01,2015,elementary,3-4,2015_ENG_E,영어,R,읽기,알파벳 대소문자를 식별하여 읽을 수 있다.,,remember,A1,,,,,basic_500,교육부 고시 제2015-74호 [별책14] 영어과 교육과정,,2018-03-01,verified,2026-04-06,PDF 원문(교육부 고시 제2015-74호 별책14) 대조 완료
[4영03-02],2015_4영03_02,2015,elementary,3-4,2015_ENG_E,영어,R,읽기,소리와 철자의 관계를 이해하여 낱말을 읽을 수 있다.,,understand,A1,,,,,basic_500,교육부 고시 제2015-74호 [별책14] 영어과 교육과정,,2018-03-01,verified,2026-04-06,PDF 원문(교육부 고시 제2015-74호 별책14) 대조 완료
[4영03-03],2015_4영03_03,2015,elementary,3-4,2015_ENG_E,영어,R,읽기,"쉽고 간단한 낱말이나 어구, 문장을 따라 읽을 수 있다.",,apply,A1,,,,,basic_500,교육부 고시 제2015-74호 [별책14] 영어과 교육과정,,2018-03-01,verified,2026-04-06,PDF 원문(교육부 고시 제2015-74호 별책14) 대조 완료
[4영03-04],2015_4영03_04,2015,elementary,3-4,2015_ENG_E,영어,R,읽기,쉽고 간단한 낱말이나 어구를 읽고 의미를 이해할 수 있다.,,understand,A1,,,,,basic_500,교육부 고시 제2015-74호 [별책14] 영어과 교육과정,,2018-03-01,verified,2026-04-06,PDF 원문(교육부 고시 제2015-74호 별책14) 대조 완료
[4영03-05],2015_4영03_05,2015,elementary,3-4,2015_ENG_E,영어,R,읽기,쉽고 간단한 문장을 읽고 의미를 이해할 수 있다.,,understand,A1,,,,,basic_500,교육부 고시 제2015-74호 [별책14] 영어과 교육과정,,2018-03-01,verified,2026-04-06,PDF 원문(교육부 고시 제2015-74호 별책14) 대조 완료
[4영04-01],2015_4영04_01,2015,elementary,3-4,2015_ENG_E,영어,W,쓰기,알파벳 대소문자를 구별하여 쓸 수 있다.,,apply,A1,,,,,basic_500,교육부 고시 제2015-74호 [별책14] 영어과 교육과정,,2018-03-01,verified,2026-04-06,PDF 원문(교육부 고시 제2015-74호 별책14) 대조 완료
[4영04-02],2015_4영04_02,2015,elementary,3-4,2015_ENG_E,영어,W,쓰기,구두로 익힌 낱말이나 어구를 따라 쓰거나 보고 쓸 수 있다.,,apply,A1,,,,,basic_500,교육부 고시 제2015-74호 [별책14] 영어과 교육과정,,2018-03-01,verified,2026-04-06,PDF 원문(교육부 고시 제2015-74호 별책14) 대조 완료
[4영04-03],2015_4영04_03,2015,elementary,3-4,2015_ENG_E,영어,W,쓰기,실물이나 그림을 보고 쉽고 간단한 낱말이나 어구를 쓸 수 있다.,,apply,A1,,,,,basic_500,교육부 고시 제2015-74호 [별책14] 영어과 교육과정,,2018-03-01,verified,2026-04-06,PDF 원문(교육부 고시 제2015-74호 별책14) 대조 완료
[6영01-01],2015_6영01_01,2015,elementary,5-6,2015_ENG_E,영어,L,듣기,두세 개의 연속된 지시나 설명을 듣고 이해할 수 있다.,,understand,A1,,,,,basic_800,교육부 고시 제2015-74호 [별책14] 영어과 교육과정,,2018-03-01,verified,2026-04-06,PDF 원문(교육부 고시 제2015-74호 별책14) 대조 완료
[6영01-02],2015_6영01_02,2015,elementary,5-6,2015_ENG_E,영어,L,듣기,일상생활 속의 친숙한 주제에 관한 간단한 말이나 대화를 듣고 세부 정보를 파악할 수 있다.,,understand,A1,,,,,basic_800,교육부 고시 제2015-74호 [별책14] 영어과 교육과정,,2018-03-01,verified,2026-04-06,PDF 원문(교육부 고시 제2015-74호 별책14) 대조 완료
[6영01-03],2015_6영01_03,2015,elementary,5-6,2015_ENG_E,영어,L,듣기,그림이나 도표에 대한 쉽고 간단한 말이나 대화를 듣고 세부 정보를 파악할 수 있다.,,understand,A1,,,,,basic_800,교육부 고시 제2015-74호 [별책14] 영어과 교육과정,,2018-03-01,verified,2026-04-06,PDF 원문(교육부 고시 제2015-74호 별책14) 대조 완료
[6영01-04],2015_6영01_04,2015,elementary,5-6,2015_ENG_E,영어,L,듣기,대상을 비교하는 쉽고 간단한 말이나 대화를 듣고 세부 정보를 파악할 수 있다.,,understand,A1,,,,,basic_800,교육부 고시 제2015-74호 [별책14] 영어과 교육과정,,2018-03-01,verified,2026-04-06,PDF 원문(교육부 고시 제2015-74호 별책14) 대조 완료
[6영01-05],2015_6영01_05,2015,elementary,5-6,2015_ENG_E,영어,L,듣기,쉽고 간단한 말이나 대화를 듣고 줄거리를 파악할 수 있다.,,understand,A1,,,,,basic_800,교육부 고시 제2015-74호 [별책14] 영어과 교육과정,,2018-03-01,verified,2026-04-06,PDF 원문(교육부 고시 제2015-74호 별책14) 대조 완료
[6영01-06],2015_6영01_06,2015,elementary,5-6,2015_ENG_E,영어,L,듣기,쉽고 간단한 말이나 대화를 듣고 목적을 파악할 수 있다.,,understand,A1,,,,,basic_800,교육부 고시 제2015-74호 [별책14] 영어과 교육과정,,2018-03-01,verified,2026-04-06,PDF 원문(교육부 고시 제2015-74호 별책14) 대조 완료
[6영01-07],2015_6영01_07,2015,elementary,5-6,2015_ENG_E,영어,L,듣기,쉽고 간단한 말이나 대화를 듣고 일의 순서를 파악할 수 있다.,,understand,A1,,,,,basic_800,교육부 고시 제2015-74호 [별책14] 영어과 교육과정,,2018-03-01,verified,2026-04-06,PDF 원문(교육부 고시 제2015-74호 별책14) 대조 완료
[6영02-01],2015_6영02_01,2015,elementary,5-6,2015_ENG_E,영어,S,말하기,"그림, 실물, 동작에 관해 한두 문장으로 표현할 수 있다.",,apply,A1,,,,,basic_800,교육부 고시 제2015-74호 [별책14] 영어과 교육과정,,2018-03-01,verified,2026-04-06,PDF 원문(교육부 고시 제2015-74호 별책14) 대조 완료
[6영02-02],2015_6영02_02,2015,elementary,5-6,2015_ENG_E,영어,S,말하기,주변 사람에 관해 쉽고 간단한 문장으로 소개할 수 있다.,,apply,A1,,,,,basic_800,교육부 고시 제2015-74호 [별책14] 영어과 교육과정,,2018-03-01,verified,2026-04-06,PDF 원문(교육부 고시 제2015-74호 별책14) 대조 완료
[6영02-03],2015_6영02_03,2015,elementary,5-6,2015_ENG_E,영어,S,말하기,주변 사람과 사물에 관해 쉽고 간단한 문장으로 묘사할 수 있다.,,apply,A1,,,,,basic_800,교육부 고시 제2015-74호 [별책14] 영어과 교육과정,,2018-03-01,verified,2026-04-06,PDF 원문(교육부 고시 제2015-74호 별책14) 대조 완료
[6영02-04],2015_6영02_04,2015,elementary,5-6,2015_ENG_E,영어,S,말하기,주변 위치나 장소에 관해 쉽고 간단한 문장으로 설명할 수 있다.,,apply,A1,,,,,basic_800,교육부 고시 제2015-74호 [별책14] 영어과 교육과정,,2018-03-01,verified,2026-04-06,PDF 원문(교육부 고시 제2015-74호 별책14) 대조 완료
[6영02-05],2015_6영02_05,2015,elementary,5-6,2015_ENG_E,영어,S,말하기,간단한 그림이나 도표의 세부 정보에 대해 묻거나 답할 수 있다.,,apply,A1,,,,,basic_800,교육부 고시 제2015-74호 [별책14] 영어과 교육과정,,2018-03-01,verified,2026-04-06,PDF 원문(교육부 고시 제2015-74호 별책14) 대조 완료
[6영02-06],2015_6영02_06,2015,elementary,5-6,2015_ENG_E,영어,S,말하기,자신의 경험이나 계획에 대해 간단히 묻거나 답할 수 있다.,,apply,A1,,,,,basic_800,교육부 고시 제2015-74호 [별책14] 영어과 교육과정,,2018-03-01,verified,2026-04-06,PDF 원문(교육부 고시 제2015-74호 별책14) 대조 완료
[6영02-07],2015_6영02_07,2015,elementary,5-6,2015_ENG_E,영어,S,말하기,일상생활 속의 친숙한 주제에 관해 간단히 묻거나 답할 수 있다.,,apply,A1,,,,,basic_800,교육부 고시 제2015-74호 [별책14] 영어과 교육과정,,2018-03-01,verified,2026-04-06,PDF 원문(교육부 고시 제2015-74호 별책14) 대조 완료
[6영03-01],2015_6영03_01,2015,elementary,5-6,2015_ENG_E,영어,R,읽기,"쉽고 간단한 문장을 강세, 리듬, 억양에 맞게 소리 내어 읽을 수 있다.",,apply,A1,,,,,basic_800,교육부 고시 제2015-74호 [별책14] 영어과 교육과정,,2018-03-01,verified,2026-04-06,PDF 원문(교육부 고시 제2015-74호 별책14) 대조 완료
[6영03-02],2015_6영03_02,2015,elementary,5-6,2015_ENG_E,영어,R,읽기,그림이나 도표에 대한 쉽고 짧은 글을 읽고 세부 정보를 파악할 수 있다.,,understand,A1,,,,,basic_800,교육부 고시 제2015-74호 [별책14] 영어과 교육과정,,2018-03-01,verified,2026-04-06,PDF 원문(교육부 고시 제2015-74호 별책14) 대조 완료
[6영03-03],2015_6영03_03,2015,elementary,5-6,2015_ENG_E,영어,R,읽기,일상생활 속의 친숙한 주제에 관한 쉽고 짧은 글을 읽고 세부 정보를 파악할 수 있다.,,understand,A1,,,,,basic_800,교육부 고시 제2015-74호 [별책14] 영어과 교육과정,,2018-03-01,verified,2026-04-06,PDF 원문(교육부 고시 제2015-74호 별책14) 대조 완료
[6영03-04],2015_6영03_04,2015,elementary,5-6,2015_ENG_E,영어,R,읽기,쉽고 짧은 글을 읽고 줄거리나 목적 등 중심 내용을 파악할 수 있다.,,understand,A1,,,,,basic_800,교육부 고시 제2015-74호 [별책14] 영어과 교육과정,,2018-03-01,verified,2026-04-06,PDF 원문(교육부 고시 제2015-74호 별책14) 대조 완료
[6영04-01],2015_6영04_01,2015,elementary,5-6,2015_ENG_E,영어,W,쓰기,소리와 철자의 관계를 바탕으로 쉽고 간단한 낱말이나 어구를 듣고 쓸 수 있다.,,apply,A1,,,,,basic_800,교육부 고시 제2015-74호 [별책14] 영어과 교육과정,,2018-03-01,verified,2026-04-06,PDF 원문(교육부 고시 제2015-74호 별책14) 대조 완료
[6영04-02],2015_6영04_02,2015,elementary,5-6,2015_ENG_E,영어,W,쓰기,알파벳 대소문자와 문장부호를 문장에서 바르게 사용할 수 있다.,,understand,A1,,,,,basic_800,교육부 고시 제2015-74호 [별책14] 영어과 교육과정,,2018-03-01,verified,2026-04-06,PDF 원문(교육부 고시 제2015-74호 별책14) 대조 완료
[6영04-03],2015_6영04_03,2015,elementary,5-6,2015_ENG_E,영어,W,쓰기,구두로 익힌 문장을 쓸 수 있다.,,apply,A1,,,,,basic_800,교육부 고시 제2015-74호 [별책14] 영어과 교육과정,,2018-03-01,verified,2026-04-06,PDF 원문(교육부 고시 제2015-74호 별책14) 대조 완료
[6영04-04],2015_6영04_04,2015,elementary,5-6,2015_ENG_E,영어,W,쓰기,실물이나 그림을 보고 한두 문장으로 표현할 수 있다.,,apply,A1,,,,,basic_800,교육부 고시 제2015-74호 [별책14] 영어과 교육과정,,2018-03-01,verified,2026-04-06,PDF 원문(교육부 고시 제2015-74호 별책14) 대조 완료
[6영04-05],2015_6영04_05,2015,elementary,5-6,2015_ENG_E,영어,W,쓰기,"예시문을 참고하여 간단한 초대, 감사, 축하 등의 글을 쓸 수 있다.",,apply,A1,,,,,basic_800,교육부 고시 제2015-74호 [별책14] 영어과 교육과정,,2018-03-01,verified,2026-04-06,PDF 원문(교육부 고시 제2015-74호 별책14) 대조 완료
[9영01-01],2015_9영01_01,2015,middle,1-3,2015_ENG_M,영어,L,듣기,"어구나 문장을 듣고, 연음, 축약된 소리를 식별할 수 있다.",,remember,A2,,,,,1200,교육부 고시 제2015-74호 [별책14] 영어과 교육과정,,2018-03-01,verified,2026-04-06,PDF 원문(교육부 고시 제2015-74호 별책14) 대조 완료
[9영01-02],2015_9영01_02,2015,middle,1-3,2015_ENG_M,영어,L,듣기,일상생활 관련 대상이나 친숙한 일반적 주제에 관한 말이나 대화를 듣고 세부 정보를 파악 할 수 있다.,,understand,A2,,,,,1200,교육부 고시 제2015-74호 [별책14] 영어과 교육과정,,2018-03-01,verified,2026-04-06,PDF 원문(교육부 고시 제2015-74호 별책14) 대조 완료
[9영01-03],2015_9영01_03,2015,middle,1-3,2015_ENG_M,영어,L,듣기,"일상생활이나 친숙한 일반적 주제에 관한 그림, 사진, 또는 도표에 관한 말이나 대화를 듣고 세부 정보를 파악할 수 있다.",,understand,A2,,,,,1200,교육부 고시 제2015-74호 [별책14] 영어과 교육과정,,2018-03-01,verified,2026-04-06,PDF 원문(교육부 고시 제2015-74호 별책14) 대조 완료
[9영01-04],2015_9영01_04,2015,middle,1-3,2015_ENG_M,영어,L,듣기,"일상생활이나 친숙한 일반적 주제에 관한 말이나 대화를 듣고 줄거리, 주제, 요지를 파악할 수 있다.",,understand,A2,,,,,1200,교육부 고시 제2015-74호 [별책14] 영어과 교육과정,,2018-03-01,verified,2026-04-06,PDF 원문(교육부 고시 제2015-74호 별책14) 대조 완료
[9영01-05],2015_9영01_05,2015,middle,1-3,2015_ENG_M,영어,L,듣기,일상생활이나 친숙한 일반적 주제에 관한 말이나 대화를 듣고 화자의 심정이나 태도를 추론 할 수 있다.,,analyze,A2,,,,,1200,교육부 고시 제2015-74호 [별책14] 영어과 교육과정,,2018-03-01,verified,2026-04-06,PDF 원문(교육부 고시 제2015-74호 별책14) 대조 완료
[9영01-06],2015_9영01_06,2015,middle,1-3,2015_ENG_M,영어,L,듣기,일상생활이나 친숙한 일반적 주제에 관한 말이나 대화를 듣고 화자의 의도나 목적을 추론할,,analyze,A2,,,,,1200,교육부 고시 제2015-74호 [별책14] 영어과 교육과정,,2018-03-01,verified,2026-04-06,PDF 원문(교육부 고시 제2015-74호 별책14) 대조 완료
[9영01-07],2015_9영01_07,2015,middle,1-3,2015_ENG_M,영어,L,듣기,"일상생활이나 친숙한 일반적 주제에 관한 말이나 대화를 듣고 일이나 사건의 순서, 전후 관 계를 추론할 수 있다.",,analyze,A2,,,,,1200,교육부 고시 제2015-74호 [별책14] 영어과 교육과정,,2018-03-01,verified,2026-04-06,PDF 원문(교육부 고시 제2015-74호 별책14) 대조 완료
[9영01-08],2015_9영01_08,2015,middle,1-3,2015_ENG_M,영어,L,듣기,일상생활이나 친숙한 일반적 주제에 관한 말이나 대화를 듣고 일이나 사건의 원인과 결과를 추론할 수 있다.,,analyze,A2,,,,,1200,교육부 고시 제2015-74호 [별책14] 영어과 교육과정,,2018-03-01,verified,2026-04-06,PDF 원문(교육부 고시 제2015-74호 별책14) 대조 완료
[9영01-09],2015_9영01_09,2015,middle,1-3,2015_ENG_M,영어,L,듣기,일상생활이나 친숙한 일반적 주제에 관한 말이나 대화를 듣고 상황 및 화자 간의 관계를 추 론할 수 있다.,,understand,A2,,,,,1200,교육부 고시 제2015-74호 [별책14] 영어과 교육과정,,2018-03-01,verified,2026-04-06,PDF 원문(교육부 고시 제2015-74호 별책14) 대조 완료
[9영02-01],2015_9영02_01,2015,middle,1-3,2015_ENG_M,영어,S,말하기,"주변의 사람, 사물, 또는 장소를 묘사할 수 있다.",,apply,A2,,,,,1200,교육부 고시 제2015-74호 [별책14] 영어과 교육과정,,2018-03-01,verified,2026-04-06,PDF 원문(교육부 고시 제2015-74호 별책14) 대조 완료
[9영02-02],2015_9영02_02,2015,middle,1-3,2015_ENG_M,영어,S,말하기,일상생활에 관한 자신의 의견이나 감정을 표현할 수 있다.,,apply,A2,,,,,1200,교육부 고시 제2015-74호 [별책14] 영어과 교육과정,,2018-03-01,verified,2026-04-06,PDF 원문(교육부 고시 제2015-74호 별책14) 대조 완료
[9영02-03],2015_9영02_03,2015,middle,1-3,2015_ENG_M,영어,S,말하기,"일상생활에 관한 그림, 사진, 또는 도표에 대해 설명할 수 있다.",,apply,A2,,,,,1200,교육부 고시 제2015-74호 [별책14] 영어과 교육과정,,2018-03-01,verified,2026-04-06,PDF 원문(교육부 고시 제2015-74호 별책14) 대조 완료
[9영02-04],2015_9영02_04,2015,middle,1-3,2015_ENG_M,영어,S,말하기,일상생활에 관한 방법과 절차에 대해 설명할 수 있다.,,apply,A2,,,,,1200,교육부 고시 제2015-74호 [별책14] 영어과 교육과정,,2018-03-01,verified,2026-04-06,PDF 원문(교육부 고시 제2015-74호 별책14) 대조 완료
[9영02-05],2015_9영02_05,2015,middle,1-3,2015_ENG_M,영어,S,말하기,자신을 소개하는 말을 할 수 있다.,,apply,A2,,,,,1200,교육부 고시 제2015-74호 [별책14] 영어과 교육과정,,2018-03-01,verified,2026-04-06,PDF 원문(교육부 고시 제2015-74호 별책14) 대조 완료
[9영02-06],2015_9영02_06,2015,middle,1-3,2015_ENG_M,영어,S,말하기,"주변의 사람, 사물에 대해 묻거나 답할 수 있다.",,apply,A2,,,,,1200,교육부 고시 제2015-74호 [별책14] 영어과 교육과정,,2018-03-01,verified,2026-04-06,PDF 원문(교육부 고시 제2015-74호 별책14) 대조 완료
[9영02-07],2015_9영02_07,2015,middle,1-3,2015_ENG_M,영어,S,말하기,주변의 위치나 장소에 대해 묻거나 답할 수 있다.,,apply,A2,,,,,1200,교육부 고시 제2015-74호 [별책14] 영어과 교육과정,,2018-03-01,verified,2026-04-06,PDF 원문(교육부 고시 제2015-74호 별책14) 대조 완료
[9영02-08],2015_9영02_08,2015,middle,1-3,2015_ENG_M,영어,S,말하기,개인 생활에 관한 경험이나 계획에 대해 묻거나 답할 수 있다.,,apply,A2,,,,,1200,교육부 고시 제2015-74호 [별책14] 영어과 교육과정,,2018-03-01,verified,2026-04-06,PDF 원문(교육부 고시 제2015-74호 별책14) 대조 완료
[9영02-09],2015_9영02_09,2015,middle,1-3,2015_ENG_M,영어,S,말하기,"일상생활에 관한 일이나 사건의 순서, 전후 관계에 대해 묻거나 답할 수 있다.",,apply,A2,,,,,1200,교육부 고시 제2015-74호 [별책14] 영어과 교육과정,,2018-03-01,verified,2026-04-06,PDF 원문(교육부 고시 제2015-74호 별책14) 대조 완료
[9영02-10],2015_9영02_10,2015,middle,1-3,2015_ENG_M,영어,S,말하기,일상생활에 관한 일이나 사건의 원인과 결과에 대해 묻거나 답할 수 있다.,,apply,A2,,,,,1200,교육부 고시 제2015-74호 [별책14] 영어과 교육과정,,2018-03-01,verified,2026-04-06,PDF 원문(교육부 고시 제2015-74호 별책14) 대조 완료
[9영03-01],2015_9영03_01,2015,middle,1-3,2015_ENG_M,영어,R,읽기,문장을 의미 단위로 끊어 읽으면서 의미를 파악할 수 있다.,,understand,A2,,,,,1200,교육부 고시 제2015-74호 [별책14] 영어과 교육과정,,2018-03-01,verified,2026-04-06,PDF 원문(교육부 고시 제2015-74호 별책14) 대조 완료
[9영03-02],2015_9영03_02,2015,middle,1-3,2015_ENG_M,영어,R,읽기,일상생활이나 친숙한 일반적 대상이나 주제에 관한 글을 읽고 세부 정보를 파악할 수 있다.,,understand,A2,,,,,1200,교육부 고시 제2015-74호 [별책14] 영어과 교육과정,,2018-03-01,verified,2026-04-06,PDF 원문(교육부 고시 제2015-74호 별책14) 대조 완료
[9영03-03],2015_9영03_03,2015,middle,1-3,2015_ENG_M,영어,R,읽기,"일상생활이나 친숙한 일반적 주제의 그림, 사진, 또는 도표에 관한 글을 읽고 세부 정보를 파악할 수 있다.",,understand,A2,,,,,1200,교육부 고시 제2015-74호 [별책14] 영어과 교육과정,,2018-03-01,verified,2026-04-06,PDF 원문(교육부 고시 제2015-74호 별책14) 대조 완료
[9영03-04],2015_9영03_04,2015,middle,1-3,2015_ENG_M,영어,R,읽기,"일상생활이나 친숙한 일반적 주제의 글을 읽고 줄거리, 주제, 요지를 파악할 수 있다.",,understand,A2,,,,,1200,교육부 고시 제2015-74호 [별책14] 영어과 교육과정,,2018-03-01,verified,2026-04-06,PDF 원문(교육부 고시 제2015-74호 별책14) 대조 완료
[9영03-05],2015_9영03_05,2015,middle,1-3,2015_ENG_M,영어,R,읽기,일상생활이나 친숙한 일반적 주제의 글을 읽고 필자의 심정이나 태도를 추론할 수 있다.,,analyze,A2,,,,,1200,교육부 고시 제2015-74호 [별책14] 영어과 교육과정,,2018-03-01,verified,2026-04-06,PDF 원문(교육부 고시 제2015-74호 별책14) 대조 완료
[9영03-06],2015_9영03_06,2015,middle,1-3,2015_ENG_M,영어,R,읽기,일상생활이나 친숙한 일반적 주제의 글을 읽고 필자의 의도나 목적을 추론할 수 있다.,,analyze,A2,,,,,1200,교육부 고시 제2015-74호 [별책14] 영어과 교육과정,,2018-03-01,verified,2026-04-06,PDF 원문(교육부 고시 제2015-74호 별책14) 대조 완료
[9영03-07],2015_9영03_07,2015,middle,1-3,2015_ENG_M,영어,R,읽기,"일상생활이나 친숙한 일반적 주제의 글을 읽고 일이나 사건의 순서, 전후 관계를 추론할 수 있다.",,analyze,A2,,,,,1200,교육부 고시 제2015-74호 [별책14] 영어과 교육과정,,2018-03-01,verified,2026-04-06,PDF 원문(교육부 고시 제2015-74호 별책14) 대조 완료
[9영03-08],2015_9영03_08,2015,middle,1-3,2015_ENG_M,영어,R,읽기,일상생활이나 친숙한 일반적 주제의 글을 읽고 일이나 사건의 원인과 결과를 추론할 수 있다.,,analyze,A2,,,,,1200,교육부 고시 제2015-74호 [별책14] 영어과 교육과정,,2018-03-01,verified,2026-04-06,PDF 원문(교육부 고시 제2015-74호 별책14) 대조 완료
[9영03-09],2015_9영03_09,2015,middle,1-3,2015_ENG_M,영어,R,읽기,"일상생활이나 친숙한 일반적 주제의 글을 읽고 문맥을 통해 낱말, 어구 또는 문장의 함축적 의미를 추론할 수 있다.",,analyze,A2,,,,,1200,교육부 고시 제2015-74호 [별책14] 영어과 교육과정,,2018-03-01,verified,2026-04-06,PDF 원문(교육부 고시 제2015-74호 별책14) 대조 완료
[9영04-01],2015_9영04_01,2015,middle,1-3,2015_ENG_M,영어,W,쓰기,일상생활에 관한 주변의 대상이나 상황을 묘사하는 문장을 쓸 수 있다.,,apply,A2,,,,,1200,교육부 고시 제2015-74호 [별책14] 영어과 교육과정,,2018-03-01,verified,2026-04-06,PDF 원문(교육부 고시 제2015-74호 별책14) 대조 완료
[9영04-02],2015_9영04_02,2015,middle,1-3,2015_ENG_M,영어,W,쓰기,일상생활에 관한 자신의 의견이나 감정을 표현하는 문장을 쓸 수 있다.,,apply,A2,,,,,1200,교육부 고시 제2015-74호 [별책14] 영어과 교육과정,,2018-03-01,verified,2026-04-06,PDF 원문(교육부 고시 제2015-74호 별책14) 대조 완료
[9영04-03],2015_9영04_03,2015,middle,1-3,2015_ENG_M,영어,W,쓰기,"일상생활에 관한 그림, 사진, 또는 도표 등을 설명하는 문장을 쓸 수 있다.",,apply,A2,,,,,1200,교육부 고시 제2015-74호 [별책14] 영어과 교육과정,,2018-03-01,verified,2026-04-06,PDF 원문(교육부 고시 제2015-74호 별책14) 대조 완료
[9영04-04],2015_9영04_04,2015,middle,1-3,2015_ENG_M,영어,W,쓰기,개인 생활의 경험이나 계획에 대해 문장을 쓸 수 있다.,,apply,A2,,,,,1200,교육부 고시 제2015-74호 [별책14] 영어과 교육과정,,2018-03-01,verified,2026-04-06,PDF 원문(교육부 고시 제2015-74호 별책14) 대조 완료
[9영04-05],2015_9영04_05,2015,middle,1-3,2015_ENG_M,영어,W,쓰기,"자신이나 주변 사람, 일상생활에 관해 짧고 간단한 글을 쓸 수 있다.",,apply,A2,,,,,1200,교육부 고시 제2015-74호 [별책14] 영어과 교육과정,,2018-03-01,verified,2026-04-06,PDF 원문(교육부 고시 제2015-74호 별책14) 대조 완료
[9영04-06],2015_9영04_06,2015,middle,1-3,2015_ENG_M,영어,W,쓰기,"간단한 초대, 감사, 축하, 위로, 일기, 편지 등의 글을 쓸 수 있다.",,apply,A2,,,,,1200,교육부 고시 제2015-74호 [별책14] 영어과 교육과정,,2018-03-01,verified,2026-04-06,PDF 원문(교육부 고시 제2015-74호 별책14) 대조 완료
[10영01-01],2015_10영01_01,2015,high,고1,2015_ENG,영어,L,듣기,친숙한 일반적 주제에 관한 말이나 대화를 듣고 세부 정보를 파악할 수 있다.,,understand,B1,,,,,2800,교육부 고시 제2015-74호 [별책14] 영어과 교육과정,,2018-03-01,verified,2026-04-06,PDF 원문(교육부 고시 제2015-74호 별책14) 대조 완료
[10영01-02],2015_10영01_02,2015,high,고1,2015_ENG,영어,L,듣기,친숙한 일반적 주제에 관한 말이나 대화를 듣고 주제 및 요지를 파악할 수 있다.,,understand,B1,,,,,2800,교육부 고시 제2015-74호 [별책14] 영어과 교육과정,,2018-03-01,verified,2026-04-06,PDF 원문(교육부 고시 제2015-74호 별책14) 대조 완료
[10영01-03],2015_10영01_03,2015,high,고1,2015_ENG,영어,L,듣기,친숙한 일반적 주제에 관한 말이나 대화를 듣고 내용의 논리적 관계를 파악할 수 있다.,,understand,B1,,,,,2800,교육부 고시 제2015-74호 [별책14] 영어과 교육과정,,2018-03-01,verified,2026-04-06,PDF 원문(교육부 고시 제2015-74호 별책14) 대조 완료
[10영01-04],2015_10영01_04,2015,high,고1,2015_ENG,영어,L,듣기,친숙한 일반적 주제에 관한 말이나 대화를 듣고 화자의 의도나 말의 목적을 파악할 수 있다.,,understand,B1,,,,,2800,교육부 고시 제2015-74호 [별책14] 영어과 교육과정,,2018-03-01,verified,2026-04-06,PDF 원문(교육부 고시 제2015-74호 별책14) 대조 완료
[10영01-05],2015_10영01_05,2015,high,고1,2015_ENG,영어,L,듣기,친숙한 일반적 주제에 관한 말이나 대화를 듣고 화자의 심정이나 태도를 추론할 수 있다.,,analyze,B1,,,,,2800,교육부 고시 제2015-74호 [별책14] 영어과 교육과정,,2018-03-01,verified,2026-04-06,PDF 원문(교육부 고시 제2015-74호 별책14) 대조 완료
[10영02-01],2015_10영02_01,2015,high,고1,2015_ENG,영어,S,말하기,일상생활이나 친숙한 일반적 주제에 관하여 듣거나 읽고 세부 정보를 설명할 수 있다.,,apply,B1,,,,,2800,교육부 고시 제2015-74호 [별책14] 영어과 교육과정,,2018-03-01,verified,2026-04-06,PDF 원문(교육부 고시 제2015-74호 별책14) 대조 완료
[10영02-02],2015_10영02_02,2015,high,고1,2015_ENG,영어,S,말하기,일상생활이나 친숙한 일반적 주제에 관하여 듣거나 읽고 중심 내용을 말할 수 있다.,,apply,B1,,,,,2800,교육부 고시 제2015-74호 [별책14] 영어과 교육과정,,2018-03-01,verified,2026-04-06,PDF 원문(교육부 고시 제2015-74호 별책14) 대조 완료
[10영02-03],2015_10영02_03,2015,high,고1,2015_ENG,영어,S,말하기,일상생활이나 친숙한 일반적 주제에 관해 자신의 의견이나 감정을 표현할 수 있다.,,apply,B1,,,,,2800,교육부 고시 제2015-74호 [별책14] 영어과 교육과정,,2018-03-01,verified,2026-04-06,PDF 원문(교육부 고시 제2015-74호 별책14) 대조 완료
[10영02-04],2015_10영02_04,2015,high,고1,2015_ENG,영어,S,말하기,일상생활이나 친숙한 일반적 주제에 관한 정보를 묻고 답할 수 있다.,,understand,B1,,,,,2800,교육부 고시 제2015-74호 [별책14] 영어과 교육과정,,2018-03-01,verified,2026-04-06,PDF 원문(교육부 고시 제2015-74호 별책14) 대조 완료
[10영03-01],2015_10영03_01,2015,high,고1,2015_ENG,영어,R,읽기,친숙한 일반적 주제에 관한 글을 읽고 세부 정보를 파악할 수 있다.,,understand,B1,,,,,2800,교육부 고시 제2015-74호 [별책14] 영어과 교육과정,,2018-03-01,verified,2026-04-06,PDF 원문(교육부 고시 제2015-74호 별책14) 대조 완료
[10영03-02],2015_10영03_02,2015,high,고1,2015_ENG,영어,R,읽기,친숙한 일반적 주제에 관한 글을 읽고 주제 및 요지를 파악할 수 있다.,,understand,B1,,,,,2800,교육부 고시 제2015-74호 [별책14] 영어과 교육과정,,2018-03-01,verified,2026-04-06,PDF 원문(교육부 고시 제2015-74호 별책14) 대조 완료
[10영03-03],2015_10영03_03,2015,high,고1,2015_ENG,영어,R,읽기,친숙한 일반적 주제에 관한 글을 읽고 내용의 논리적 관계를 파악할 수 있다.,,understand,B1,,,,,2800,교육부 고시 제2015-74호 [별책14] 영어과 교육과정,,2018-03-01,verified,2026-04-06,PDF 원문(교육부 고시 제2015-74호 별책14) 대조 완료
[10영03-04],2015_10영03_04,2015,high,고1,2015_ENG,영어,R,읽기,친숙한 일반적 주제에 관한 글을 읽고 필자의 의도나 글의 목적을 파악할 수 있다.,,understand,B1,,,,,2800,교육부 고시 제2015-74호 [별책14] 영어과 교육과정,,2018-03-01,verified,2026-04-06,PDF 원문(교육부 고시 제2015-74호 별책14) 대조 완료
[10영03-05],2015_10영03_05,2015,high,고1,2015_ENG,영어,R,읽기,친숙한 일반적 주제에 관한 글을 읽고 필자의 심정이나 태도를 추론할 수 있다.,,analyze,B1,,,,,2800,교육부 고시 제2015-74호 [별책14] 영어과 교육과정,,2018-03-01,verified,2026-04-06,PDF 원문(교육부 고시 제2015-74호 별책14) 대조 완료
[10영03-06],2015_10영03_06,2015,high,고1,2015_ENG,영어,R,읽기,친숙한 일반적 주제에 관한 글을 읽고 함축적 의미를 추론할 수 있다.,,analyze,B1,,,,,2800,교육부 고시 제2015-74호 [별책14] 영어과 교육과정,,2018-03-01,verified,2026-04-06,PDF 원문(교육부 고시 제2015-74호 별책14) 대조 완료
[10영04-01],2015_10영04_01,2015,high,고1,2015_ENG,영어,W,쓰기,일상생활이나 친숙한 일반적 주제에 관하여 듣거나 읽고 세부 정보를 기록할 수 있다.,,understand,B1,,,,,2800,교육부 고시 제2015-74호 [별책14] 영어과 교육과정,,2018-03-01,verified,2026-04-06,PDF 원문(교육부 고시 제2015-74호 별책14) 대조 완료
[10영04-02],2015_10영04_02,2015,high,고1,2015_ENG,영어,W,쓰기,일상생활이나 친숙한 일반적 주제에 관하여 듣거나 읽고 간단하게 요약할 수 있다.,,understand,B1,,,,,2800,교육부 고시 제2015-74호 [별책14] 영어과 교육과정,,2018-03-01,verified,2026-04-06,PDF 원문(교육부 고시 제2015-74호 별책14) 대조 완료
[10영04-03],2015_10영04_03,2015,high,고1,2015_ENG,영어,W,쓰기,일상생활이나 친숙한 일반적 주제에 관해 자신의 의견이나 감정을 쓸 수 있다.,,apply,B1,,,,,2800,교육부 고시 제2015-74호 [별책14] 영어과 교육과정,,2018-03-01,verified,2026-04-06,PDF 원문(교육부 고시 제2015-74호 별책14) 대조 완료
[10영04-04],2015_10영04_04,2015,high,고1,2015_ENG,영어,W,쓰기,주변의 대상이나 상황을 묘사하는 글을 쓸 수 있다.,,apply,B1,,,,,2800,교육부 고시 제2015-74호 [별책14] 영어과 교육과정,,2018-03-01,verified,2026-04-06,PDF 원문(교육부 고시 제2015-74호 별책14) 대조 완료
[10영04-05],2015_10영04_05,2015,high,고1,2015_ENG,영어,W,쓰기,"간단한 서식, 이메일, 메모 등을 작성할 수 있다.",,apply,B1,,,,,2800,교육부 고시 제2015-74호 [별책14] 영어과 교육과정,,2018-03-01,verified,2026-04-06,PDF 원문(교육부 고시 제2015-74호 별책14) 대조 완료
[10영04-06],2015_10영04_06,2015,high,고1,2015_ENG,영어,W,쓰기,"일상생활이나 친숙한 일반적 주제에 관한 그림, 도표 등을 설명하는 글을 쓸 수 있다.",,apply,B1,,,,,2800,교육부 고시 제2015-74호 [별책14] 영어과 교육과정,,2018-03-01,verified,2026-04-06,PDF 원문(교육부 고시 제2015-74호 별책14) 대조 완료
[12영회01-01],2015_12영회01_01,2015,high,고2-3,2015_ENG_CONV,영어회화,L,듣기,일반적 주제에 관한 말이나 대화를 듣고 세부 정보를 파악할 수 있다.,,understand,B1,,,,,3500+,교육부 고시 제2015-74호 [별책14] 영어과 교육과정,,2018-03-01,verified,2026-04-06,PDF 원문(교육부 고시 제2015-74호 별책14) 대조 완료
[12영회01-02],2015_12영회01_02,2015,high,고2-3,2015_ENG_CONV,영어회화,L,듣기,일반적 주제에 관한 말이나 대화를 듣고 주제 및 요지를 파악할 수 있다.,,understand,B1,,,,,3500+,교육부 고시 제2015-74호 [별책14] 영어과 교육과정,,2018-03-01,verified,2026-04-06,PDF 원문(교육부 고시 제2015-74호 별책14) 대조 완료
[12영회01-03],2015_12영회01_03,2015,high,고2-3,2015_ENG_CONV,영어회화,L,듣기,일반적 주제에 관한 말이나 대화를 듣고 내용의 논리적 관계를 파악할 수 있다.,,understand,B1,,,,,3500+,교육부 고시 제2015-74호 [별책14] 영어과 교육과정,,2018-03-01,verified,2026-04-06,PDF 원문(교육부 고시 제2015-74호 별책14) 대조 완료
[12영회01-04],2015_12영회01_04,2015,high,고2-3,2015_ENG_CONV,영어회화,L,듣기,일반적 주제에 관한 말이나 대화를 듣고 화자의 의도나 말의 목적을 파악할 수 있다.,,understand,B1,,,,,3500+,교육부 고시 제2015-74호 [별책14] 영어과 교육과정,,2018-03-01,verified,2026-04-06,PDF 원문(교육부 고시 제2015-74호 별책14) 대조 완료
[12영회01-05],2015_12영회01_05,2015,high,고2-3,2015_ENG_CONV,영어회화,L,듣기,일반적 주제에 관한 말이나 대화를 듣고 화자의 심정이나 태도를 추론할 수 있다.,,analyze,B1,,,,,3500+,교육부 고시 제2015-74호 [별책14] 영어과 교육과정,,2018-03-01,verified,2026-04-06,PDF 원문(교육부 고시 제2015-74호 별책14) 대조 완료
[12영회02-01],2015_12영회02_01,2015,high,고2-3,2015_ENG_CONV,영어회화,S,말하기,일상생활이나 친숙한 일반적 주제에 관하여 듣거나 읽고 세부 정보를 설명할 수 있다.,,apply,B1,,,,,3500+,교육부 고시 제2015-74호 [별책14] 영어과 교육과정,,2018-03-01,verified,2026-04-06,PDF 원문(교육부 고시 제2015-74호 별책14) 대조 완료
[12영회02-02],2015_12영회02_02,2015,high,고2-3,2015_ENG_CONV,영어회화,S,말하기,일상생활이나 친숙한 일반적 주제에 관하여 자료를 요약하여 발표할 수 있다.,,understand,B1,,,,,3500+,교육부 고시 제2015-74호 [별책14] 영어과 교육과정,,2018-03-01,verified,2026-04-06,PDF 원문(교육부 고시 제2015-74호 별책14) 대조 완료
[12영회02-03],2015_12영회02_03,2015,high,고2-3,2015_ENG_CONV,영어회화,S,말하기,일상생활이나 친숙한 일반적 주제에 관해 자신의 의견이나 감정을 표현할 수 있다.,,apply,B1,,,,,3500+,교육부 고시 제2015-74호 [별책14] 영어과 교육과정,,2018-03-01,verified,2026-04-06,PDF 원문(교육부 고시 제2015-74호 별책14) 대조 완료
[12영회02-04],2015_12영회02_04,2015,high,고2-3,2015_ENG_CONV,영어회화,S,말하기,일상생활이나 친숙한 일반적 주제에 관한 정보를 묻고 답할 수 있다.,,understand,B1,,,,,3500+,교육부 고시 제2015-74호 [별책14] 영어과 교육과정,,2018-03-01,verified,2026-04-06,PDF 원문(교육부 고시 제2015-74호 별책14) 대조 완료
[12영회02-05],2015_12영회02_05,2015,high,고2-3,2015_ENG_CONV,영어회화,S,말하기,"일상생활이나 친숙한 일반적 주제에 관해 그림, 도표 등을 활용하여 의사소통할 수 있다.",,understand,B1,,,,,3500+,교육부 고시 제2015-74호 [별책14] 영어과 교육과정,,2018-03-01,verified,2026-04-06,PDF 원문(교육부 고시 제2015-74호 별책14) 대조 완료
[12영Ⅰ01-01],2015_12영101_01,2015,high,고2-3,2015_ENG1,영어I,L,듣기,일반적 주제에 관한 말이나 대화를 듣고 세부 정보를 파악할 수 있다.,,understand,B1,,,,,3500+,교육부 고시 제2015-74호 [별책14] 영어과 교육과정,,2018-03-01,verified,2026-04-06,PDF 원문(교육부 고시 제2015-74호 별책14) 대조 완료
[12영Ⅰ01-02],2015_12영101_02,2015,high,고2-3,2015_ENG1,영어I,L,듣기,일반적 주제에 관한 말이나 대화를 듣고 주제 및 요지를 파악할 수 있다.,,understand,B1,,,,,3500+,교육부 고시 제2015-74호 [별책14] 영어과 교육과정,,2018-03-01,verified,2026-04-06,PDF 원문(교육부 고시 제2015-74호 별책14) 대조 완료
[12영Ⅰ01-03],2015_12영101_03,2015,high,고2-3,2015_ENG1,영어I,L,듣기,일반적 주제에 관한 말이나 대화를 듣고 내용의 논리적 관계를 파악할 수 있다.,,understand,B1,,,,,3500+,교육부 고시 제2015-74호 [별책14] 영어과 교육과정,,2018-03-01,verified,2026-04-06,PDF 원문(교육부 고시 제2015-74호 별책14) 대조 완료
[12영Ⅰ01-04],2015_12영101_04,2015,high,고2-3,2015_ENG1,영어I,L,듣기,일반적 주제에 관한 말이나 대화를 듣고 화자의 의도나 말의 목적을 파악할 수 있다.,,understand,B1,,,,,3500+,교육부 고시 제2015-74호 [별책14] 영어과 교육과정,,2018-03-01,verified,2026-04-06,PDF 원문(교육부 고시 제2015-74호 별책14) 대조 완료
[12영Ⅰ01-05],2015_12영101_05,2015,high,고2-3,2015_ENG1,영어I,L,듣기,일반적 주제에 관한 말이나 대화를 듣고 화자의 심정이나 태도를 추론할 수 있다.,,analyze,B1,,,,,3500+,교육부 고시 제2015-74호 [별책14] 영어과 교육과정,,2018-03-01,verified,2026-04-06,PDF 원문(교육부 고시 제2015-74호 별책14) 대조 완료
[12영Ⅰ02-01],2015_12영102_01,2015,high,고2-3,2015_ENG1,영어I,S,말하기,친숙한 일반적 주제에 관하여 듣거나 읽고 세부 정보를 설명할 수 있다.,,apply,B1,,,,,3500+,교육부 고시 제2015-74호 [별책14] 영어과 교육과정,,2018-03-01,verified,2026-04-06,PDF 원문(교육부 고시 제2015-74호 별책14) 대조 완료
[12영Ⅰ02-02],2015_12영102_02,2015,high,고2-3,2015_ENG1,영어I,S,말하기,친숙한 일반적 주제에 관하여 듣거나 읽고 중심 내용을 말할 수 있다.,,apply,B1,,,,,3500+,교육부 고시 제2015-74호 [별책14] 영어과 교육과정,,2018-03-01,verified,2026-04-06,PDF 원문(교육부 고시 제2015-74호 별책14) 대조 완료
[12영Ⅰ02-03],2015_12영102_03,2015,high,고2-3,2015_ENG1,영어I,S,말하기,친숙한 일반적 주제에 관해 자신의 의견이나 감정을 표현할 수 있다.,,apply,B1,,,,,3500+,교육부 고시 제2015-74호 [별책14] 영어과 교육과정,,2018-03-01,verified,2026-04-06,PDF 원문(교육부 고시 제2015-74호 별책14) 대조 완료
[12영Ⅰ02-04],2015_12영102_04,2015,high,고2-3,2015_ENG1,영어I,S,말하기,친숙한 일반적 주제에 관한 정보를 묻고 답할 수 있다.,,understand,B1,,,,,3500+,교육부 고시 제2015-74호 [별책14] 영어과 교육과정,,2018-03-01,verified,2026-04-06,PDF 원문(교육부 고시 제2015-74호 별책14) 대조 완료
[12영Ⅰ02-05],2015_12영102_05,2015,high,고2-3,2015_ENG1,영어I,S,말하기,"친숙한 일반적 주제에 관해 그림, 도표, 도식 등을 활용하여 의사소통 할 수 있다.",,understand,B1,,,,,3500+,교육부 고시 제2015-74호 [별책14] 영어과 교육과정,,2018-03-01,verified,2026-04-06,PDF 원문(교육부 고시 제2015-74호 별책14) 대조 완료
[12영Ⅰ03-01],2015_12영103_01,2015,high,고2-3,2015_ENG1,영어I,R,읽기,일반적 주제에 관한 글을 읽고 세부 정보를 파악할 수 있다.,,understand,B1,,,,,3500+,교육부 고시 제2015-74호 [별책14] 영어과 교육과정,,2018-03-01,verified,2026-04-06,PDF 원문(교육부 고시 제2015-74호 별책14) 대조 완료
[12영Ⅰ03-02],2015_12영103_02,2015,high,고2-3,2015_ENG1,영어I,R,읽기,일반적 주제에 관한 글을 읽고 주제 및 요지를 파악할 수 있다.,,understand,B1,,,,,3500+,교육부 고시 제2015-74호 [별책14] 영어과 교육과정,,2018-03-01,verified,2026-04-06,PDF 원문(교육부 고시 제2015-74호 별책14) 대조 완료
[12영Ⅰ03-03],2015_12영103_03,2015,high,고2-3,2015_ENG1,영어I,R,읽기,일반적 주제에 관한 글을 읽고 내용의 논리적 관계를 파악할 수 있다.,,understand,B1,,,,,3500+,교육부 고시 제2015-74호 [별책14] 영어과 교육과정,,2018-03-01,verified,2026-04-06,PDF 원문(교육부 고시 제2015-74호 별책14) 대조 완료
[12영Ⅰ03-04],2015_12영103_04,2015,high,고2-3,2015_ENG1,영어I,R,읽기,일반적 주제에 관한 글을 읽고 필자의 의도나 글의 목적을 파악할 수 있다.,,understand,B1,,,,,3500+,교육부 고시 제2015-74호 [별책14] 영어과 교육과정,,2018-03-01,verified,2026-04-06,PDF 원문(교육부 고시 제2015-74호 별책14) 대조 완료
[12영Ⅰ03-05],2015_12영103_05,2015,high,고2-3,2015_ENG1,영어I,R,읽기,일반적 주제에 관한 글을 읽고 필자의 심정이나 태도를 추론할 수 있다.,,analyze,B1,,,,,3500+,교육부 고시 제2015-74호 [별책14] 영어과 교육과정,,2018-03-01,verified,2026-04-06,PDF 원문(교육부 고시 제2015-74호 별책14) 대조 완료
[12영Ⅰ03-06],2015_12영103_06,2015,high,고2-3,2015_ENG1,영어I,R,읽기,일반적 주제에 관한 글을 읽고 함축적 의미를 추론할 수 있다.,,analyze,B1,,,,,3500+,교육부 고시 제2015-74호 [별책14] 영어과 교육과정,,2018-03-01,verified,2026-04-06,PDF 원문(교육부 고시 제2015-74호 별책14) 대조 완료
[12영독03-01],2015_12영독03_01,2015,high,고2-3,2015_ENG_RW,영어독해와작문,R,읽기,비교적 다양한 주제에 관한 글을 읽고 세부 정보를 파악할 수 있다.,,understand,B2,,,,,3500+,교육부 고시 제2015-74호 [별책14] 영어과 교육과정,,2018-03-01,verified,2026-04-06,PDF 원문(교육부 고시 제2015-74호 별책14) 대조 완료
[12영독03-02],2015_12영독03_02,2015,high,고2-3,2015_ENG_RW,영어독해와작문,R,읽기,비교적 다양한 주제에 관한 글을 읽고 주제 및 요지를 파악할 수 있다.,,understand,B2,,,,,3500+,교육부 고시 제2015-74호 [별책14] 영어과 교육과정,,2018-03-01,verified,2026-04-06,PDF 원문(교육부 고시 제2015-74호 별책14) 대조 완료
[12영독03-03],2015_12영독03_03,2015,high,고2-3,2015_ENG_RW,영어독해와작문,R,읽기,비교적 다양한 주제에 관한 글을 읽고 내용의 논리적 관계를 파악할 수 있다.,,understand,B2,,,,,3500+,교육부 고시 제2015-74호 [별책14] 영어과 교육과정,,2018-03-01,verified,2026-04-06,PDF 원문(교육부 고시 제2015-74호 별책14) 대조 완료
[12영독03-04],2015_12영독03_04,2015,high,고2-3,2015_ENG_RW,영어독해와작문,R,읽기,비교적 다양한 주제에 관한 글을 읽고 필자의 의도나 글의 목적을 파악할 수 있다.,,understand,B2,,,,,3500+,교육부 고시 제2015-74호 [별책14] 영어과 교육과정,,2018-03-01,verified,2026-04-06,PDF 원문(교육부 고시 제2015-74호 별책14) 대조 완료
[12영독03-05],2015_12영독03_05,2015,high,고2-3,2015_ENG_RW,영어독해와작문,R,읽기,비교적 다양한 주제에 관한 글을 읽고 필자의 심정이나 태도를 추론할 수 있다.,,analyze,B2,,,,,3500+,교육부 고시 제2015-74호 [별책14] 영어과 교육과정,,2018-03-01,verified,2026-04-06,PDF 원문(교육부 고시 제2015-74호 별책14) 대조 완료
[12영독03-06],2015_12영독03_06,2015,high,고2-3,2015_ENG_RW,영어독해와작문,R,읽기,비교적 다양한 주제에 관한 글을 읽고 함축적 의미를 추론할 수 있다.,,analyze,B2,,,,,3500+,교육부 고시 제2015-74호 [별책14] 영어과 교육과정,,2018-03-01,verified,2026-04-06,PDF 원문(교육부 고시 제2015-74호 별책14) 대조 완료
[12영독04-01],2015_12영독04_01,2015,high,고2-3,2015_ENG_RW,영어독해와작문,W,쓰기,일반적 주제에 관하여 듣거나 읽고 세부 정보를 기록할 수 있다.,,understand,B2,,,,,3500+,교육부 고시 제2015-74호 [별책14] 영어과 교육과정,,2018-03-01,verified,2026-04-06,PDF 원문(교육부 고시 제2015-74호 별책14) 대조 완료
[12영독04-02],2015_12영독04_02,2015,high,고2-3,2015_ENG_RW,영어독해와작문,W,쓰기,일반적 주제에 관하여 듣거나 읽고 간단하게 요약할 수 있다.,,understand,B2,,,,,3500+,교육부 고시 제2015-74호 [별책14] 영어과 교육과정,,2018-03-01,verified,2026-04-06,PDF 원문(교육부 고시 제2015-74호 별책14) 대조 완료
[12영독04-03],2015_12영독04_03,2015,high,고2-3,2015_ENG_RW,영어독해와작문,W,쓰기,일반적 주제에 관해 자신의 의견이나 감정을 쓸 수 있다.,,apply,B2,,,,,3500+,교육부 고시 제2015-74호 [별책14] 영어과 교육과정,,2018-03-01,verified,2026-04-06,PDF 원문(교육부 고시 제2015-74호 별책14) 대조 완료
[12영독04-04],2015_12영독04_04,2015,high,고2-3,2015_ENG_RW,영어독해와작문,W,쓰기,"학업과 관련된 서식, 이메일, 메모 등을 작성할 수 있다.",,apply,B2,,,,,3500+,교육부 고시 제2015-74호 [별책14] 영어과 교육과정,,2018-03-01,verified,2026-04-06,PDF 원문(교육부 고시 제2015-74호 별책14) 대조 완료
[12영독04-05],2015_12영독04_05,2015,high,고2-3,2015_ENG_RW,영어독해와작문,W,쓰기,미래의 계획이나 진로 등에 관하여 글을 쓸 수 있다.,,apply,B2,,,,,3500+,교육부 고시 제2015-74호 [별책14] 영어과 교육과정,,2018-03-01,verified,2026-04-06,PDF 원문(교육부 고시 제2015-74호 별책14) 대조 완료
[12영독04-06],2015_12영독04_06,2015,high,고2-3,2015_ENG_RW,영어독해와작문,W,쓰기,"일반적 주제에 관한 그림, 도표 등을 설명하는 글을 쓸 수 있다.",,apply,B2,,,,,3500+,교육부 고시 제2015-74호 [별책14] 영어과 교육과정,,2018-03-01,verified,2026-04-06,PDF 원문(교육부 고시 제2015-74호 별책14) 대조 완료
[12영Ⅱ01-01],2015_12영201_01,2015,high,고2-3,2015_ENG2,영어II,L,듣기,다양한 주제에 관한 말이나 대화를 듣고 세부 정보를 파악할 수 있다.,,understand,B2,,,,,3500+,교육부 고시 제2015-74호 [별책14] 영어과 교육과정,,2018-03-01,verified,2026-04-06,PDF 원문(교육부 고시 제2015-74호 별책14) 대조 완료
[12영Ⅱ01-02],2015_12영201_02,2015,high,고2-3,2015_ENG2,영어II,L,듣기,다양한 주제에 관한 말이나 대화를 듣고 주제 및 요지를 파악할 수 있다.,,understand,B2,,,,,3500+,교육부 고시 제2015-74호 [별책14] 영어과 교육과정,,2018-03-01,verified,2026-04-06,PDF 원문(교육부 고시 제2015-74호 별책14) 대조 완료
[12영Ⅱ01-03],2015_12영201_03,2015,high,고2-3,2015_ENG2,영어II,L,듣기,다양한 주제에 관한 말이나 대화를 듣고 내용의 논리적 관계를 파악할 수 있다.,,understand,B2,,,,,3500+,교육부 고시 제2015-74호 [별책14] 영어과 교육과정,,2018-03-01,verified,2026-04-06,PDF 원문(교육부 고시 제2015-74호 별책14) 대조 완료
[12영Ⅱ01-04],2015_12영201_04,2015,high,고2-3,2015_ENG2,영어II,L,듣기,다양한 주제에 관한 말이나 대화를 듣고 화자의 의도나 말의 목적을 파악할 수 있다.,,understand,B2,,,,,3500+,교육부 고시 제2015-74호 [별책14] 영어과 교육과정,,2018-03-01,verified,2026-04-06,PDF 원문(교육부 고시 제2015-74호 별책14) 대조 완료
[12영Ⅱ01-05],2015_12영201_05,2015,high,고2-3,2015_ENG2,영어II,L,듣기,다양한 주제에 관한 말이나 대화를 듣고 화자의 심정이나 태도를 추론할 수 있다.,,analyze,B2,,,,,3500+,교육부 고시 제2015-74호 [별책14] 영어과 교육과정,,2018-03-01,verified,2026-04-06,PDF 원문(교육부 고시 제2015-74호 별책14) 대조 완료
[12영Ⅱ02-01],2015_12영202_01,2015,high,고2-3,2015_ENG2,영어II,S,말하기,비교적 다양한 주제에 관하여 듣거나 읽고 세부 정보를 설명할 수 있다.,,apply,B2,,,,,3500+,교육부 고시 제2015-74호 [별책14] 영어과 교육과정,,2018-03-01,verified,2026-04-06,PDF 원문(교육부 고시 제2015-74호 별책14) 대조 완료
[12영Ⅱ02-02],2015_12영202_02,2015,high,고2-3,2015_ENG2,영어II,S,말하기,비교적 다양한 주제에 관하여 듣거나 읽고 중심 내용을 말할 수 있다.,,apply,B2,,,,,3500+,교육부 고시 제2015-74호 [별책14] 영어과 교육과정,,2018-03-01,verified,2026-04-06,PDF 원문(교육부 고시 제2015-74호 별책14) 대조 완료
[12영Ⅱ02-03],2015_12영202_03,2015,high,고2-3,2015_ENG2,영어II,S,말하기,비교적 다양한 주제에 관해 자신의 의견이나 감정을 표현할 수 있다.,,apply,B2,,,,,3500+,교육부 고시 제2015-74호 [별책14] 영어과 교육과정,,2018-03-01,verified,2026-04-06,PDF 원문(교육부 고시 제2015-74호 별책14) 대조 완료
[12영Ⅱ02-04],2015_12영202_04,2015,high,고2-3,2015_ENG2,영어II,S,말하기,비교적 다양한 주제에 관하여 상황과 목적에 맞는 의사소통 전략을 사용하여 묻고 답할 수 있다.,,analyze,B2,,,,,3500+,교육부 고시 제2015-74호 [별책14] 영어과 교육과정,,2018-03-01,verified,2026-04-06,PDF 원문(교육부 고시 제2015-74호 별책14) 대조 완료
[12영Ⅱ02-05],2015_12영202_05,2015,high,고2-3,2015_ENG2,영어II,S,말하기,"비교적 다양한 주제에 관해 그림, 도표, 도식 등을 활용하여 의사소통 할 수 있다.",,analyze,B2,,,,,3500+,교육부 고시 제2015-74호 [별책14] 영어과 교육과정,,2018-03-01,verified,2026-04-06,PDF 원문(교육부 고시 제2015-74호 별책14) 대조 완료
[12영Ⅱ03-01],2015_12영203_01,2015,high,고2-3,2015_ENG2,영어II,R,읽기,다양한 주제에 관한 글을 읽고 세부 정보를 파악할 수 있다.,,understand,B2,,,,,3500+,교육부 고시 제2015-74호 [별책14] 영어과 교육과정,,2018-03-01,verified,2026-04-06,PDF 원문(교육부 고시 제2015-74호 별책14) 대조 완료
[12영Ⅱ03-02],2015_12영203_02,2015,high,고2-3,2015_ENG2,영어II,R,읽기,다양한 주제에 관한 글을 읽고 주제 및 요지를 파악 할 수 있다.,,understand,B2,,,,,3500+,교육부 고시 제2015-74호 [별책14] 영어과 교육과정,,2018-03-01,verified,2026-04-06,PDF 원문(교육부 고시 제2015-74호 별책14) 대조 완료
[12영Ⅱ03-03],2015_12영203_03,2015,high,고2-3,2015_ENG2,영어II,R,읽기,다양한 주제에 관한 글을 읽고 내용의 논리적 관계를 파악할 수 있다.,,understand,B2,,,,,3500+,교육부 고시 제2015-74호 [별책14] 영어과 교육과정,,2018-03-01,verified,2026-04-06,PDF 원문(교육부 고시 제2015-74호 별책14) 대조 완료
[12영Ⅱ03-04],2015_12영203_04,2015,high,고2-3,2015_ENG2,영어II,R,읽기,다양한 주제에 관한 글을 읽고 필자의 의도나 글의 목적을 파악할 수 있다.,,understand,B2,,,,,3500+,교육부 고시 제2015-74호 [별책14] 영어과 교육과정,,2018-03-01,verified,2026-04-06,PDF 원문(교육부 고시 제2015-74호 별책14) 대조 완료
[12영Ⅱ03-05],2015_12영203_05,2015,high,고2-3,2015_ENG2,영어II,R,읽기,다양한 주제에 관한 글을 읽고 필자의 심정이나 태도를 추론할 수 있다.,,analyze,B2,,,,,3500+,교육부 고시 제2015-74호 [별책14] 영어과 교육과정,,2018-03-01,verified,2026-04-06,PDF 원문(교육부 고시 제2015-74호 별책14) 대조 완료
[12영Ⅱ03-06],2015_12영203_06,2015,high,고2-3,2015_ENG2,영어II,R,읽기,다양한 주제에 관한 글을 읽고 함축적 의미를 추론할 수 있다.,,analyze,B2,,,,,3500+,교육부 고시 제2015-74호 [별책14] 영어과 교육과정,,2018-03-01,verified,2026-04-06,PDF 원문(교육부 고시 제2015-74호 별책14) 대조 완료
[12영Ⅱ04-01],2015_12영204_01,2015,high,고2-3,2015_ENG2,영어II,W,쓰기,비교적 다양한 주제에 관하여 듣거나 읽고 세부 정보를 기록할 수 있다.,,analyze,B2,,,,,3500+,교육부 고시 제2015-74호 [별책14] 영어과 교육과정,,2018-03-01,verified,2026-04-06,PDF 원문(교육부 고시 제2015-74호 별책14) 대조 완료
[12영Ⅱ04-02],2015_12영204_02,2015,high,고2-3,2015_ENG2,영어II,W,쓰기,비교적 다양한 주제에 관하여 듣거나 읽고 간단하게 요약할 수 있다.,,analyze,B2,,,,,3500+,교육부 고시 제2015-74호 [별책14] 영어과 교육과정,,2018-03-01,verified,2026-04-06,PDF 원문(교육부 고시 제2015-74호 별책14) 대조 완료
[12영Ⅱ04-03],2015_12영204_03,2015,high,고2-3,2015_ENG2,영어II,W,쓰기,비교적 다양한 주제에 관해 자신의 의견이나 감정을 쓸 수 있다.,,apply,B2,,,,,3500+,교육부 고시 제2015-74호 [별책14] 영어과 교육과정,,2018-03-01,verified,2026-04-06,PDF 원문(교육부 고시 제2015-74호 별책14) 대조 완료
[12영Ⅱ04-04],2015_12영204_04,2015,high,고2-3,2015_ENG2,영어II,W,쓰기,학업과 관련된 간단한 보고서를 작성할 수 있다.,,apply,B2,,,,,3500+,교육부 고시 제2015-74호 [별책14] 영어과 교육과정,,2018-03-01,verified,2026-04-06,PDF 원문(교육부 고시 제2015-74호 별책14) 대조 완료
[12영Ⅱ04-05],2015_12영204_05,2015,high,고2-3,2015_ENG2,영어II,W,쓰기,비교적 다양한 주제에 관해 짧은 에세이를 쓸 수 있다.,,apply,B2,,,,,3500+,교육부 고시 제2015-74호 [별책14] 영어과 교육과정,,2018-03-01,verified,2026-04-06,PDF 원문(교육부 고시 제2015-74호 별책14) 대조 완료
[12영Ⅱ04-06],2015_12영204_06,2015,high,고2-3,2015_ENG2,영어II,W,쓰기,"비교적 다양한 주제에 관한 그림, 도표 등을 설명하는 글을 쓸 수 있다.",,apply,B2,,,,,3500+,교육부 고시 제2015-74호 [별책14] 영어과 교육과정,,2018-03-01,verified,2026-04-06,PDF 원문(교육부 고시 제2015-74호 별책14) 대조 완료
[12영Ⅱ04-07],2015_12영204_07,2015,high,고2-3,2015_ENG2,영어II,W,쓰기,비교적 다양한 주제에 관해 비교･대조하는 글을 쓸 수 있다.,,apply,B2,,,,,3500+,교육부 고시 제2015-74호 [별책14] 영어과 교육과정,,2018-03-01,verified,2026-04-06,PDF 원문(교육부 고시 제2015-74호 별책14) 대조 완료
[12영화01-01],2015_12영화01_01,2015,high,고2-3,2015_ENG_CULT,영어권문화,L,듣기,"영어권 문화에 관한 말이나 대화를 듣고 생활양식, 풍습, 사고방식 등을 파악할 수 있다.",,understand,B1,,,,,3500+,교육부 고시 제2015-74호 [별책14] 영어과 교육과정,,2018-03-01,verified,2026-04-06,PDF 원문(교육부 고시 제2015-74호 별책14) 대조 완료
[12영화01-02],2015_12영화01_02,2015,high,고2-3,2015_ENG_CULT,영어권문화,L,듣기,영어권 문화에 관한 말이나 대화를 듣고 주제 및 요지를 파악할 수 있다.,,understand,B1,,,,,3500+,교육부 고시 제2015-74호 [별책14] 영어과 교육과정,,2018-03-01,verified,2026-04-06,PDF 원문(교육부 고시 제2015-74호 별책14) 대조 완료
[12영화01-03],2015_12영화01_03,2015,high,고2-3,2015_ENG_CULT,영어권문화,L,듣기,영어권 문화에 관한 말이나 대화를 듣고 화자의 의도나 말의 목적을 파악할 수 있다.,,understand,B1,,,,,3500+,교육부 고시 제2015-74호 [별책14] 영어과 교육과정,,2018-03-01,verified,2026-04-06,PDF 원문(교육부 고시 제2015-74호 별책14) 대조 완료
[12영화01-04],2015_12영화01_04,2015,high,고2-3,2015_ENG_CULT,영어권문화,L,듣기,영어권 문화에 관한 말이나 대화를 듣고 화자의 심정이나 태도를 파악할 수 있다.,,understand,B1,,,,,3500+,교육부 고시 제2015-74호 [별책14] 영어과 교육과정,,2018-03-01,verified,2026-04-06,PDF 원문(교육부 고시 제2015-74호 별책14) 대조 완료
[12영화02-01],2015_12영화02_01,2015,high,고2-3,2015_ENG_CULT,영어권문화,S,말하기,"영어권 문화에 관하여 듣거나 읽고 생활양식, 풍습, 사고방식 등을 말할 수 있다.",,apply,B1,,,,,3500+,교육부 고시 제2015-74호 [별책14] 영어과 교육과정,,2018-03-01,verified,2026-04-06,PDF 원문(교육부 고시 제2015-74호 별책14) 대조 완료
[12영화02-02],2015_12영화02_02,2015,high,고2-3,2015_ENG_CULT,영어권문화,S,말하기,영어권 문화에 관하여 듣거나 읽고 타 문화에 대한 자신의 의견이나 감정을 말할 수 있다.,,apply,B1,,,,,3500+,교육부 고시 제2015-74호 [별책14] 영어과 교육과정,,2018-03-01,verified,2026-04-06,PDF 원문(교육부 고시 제2015-74호 별책14) 대조 완료
[12영화02-03],2015_12영화02_03,2015,high,고2-3,2015_ENG_CULT,영어권문화,S,말하기,영어권 문화와 우리 문화를 비교･대조하여 서로의 의견을 주고받을 수 있다.,,analyze,B1,,,,,3500+,교육부 고시 제2015-74호 [별책14] 영어과 교육과정,,2018-03-01,verified,2026-04-06,PDF 원문(교육부 고시 제2015-74호 별책14) 대조 완료
[12영화02-04],2015_12영화02_04,2015,high,고2-3,2015_ENG_CULT,영어권문화,S,말하기,영어권 문화에서 사용되는 언어적･비언어적 의사소통 방식을 활용하여 묻고 답할 수 있다.,,understand,B1,,,,,3500+,교육부 고시 제2015-74호 [별책14] 영어과 교육과정,,2018-03-01,verified,2026-04-06,PDF 원문(교육부 고시 제2015-74호 별책14) 대조 완료
[12영화03-01],2015_12영화03_01,2015,high,고2-3,2015_ENG_CULT,영어권문화,R,읽기,"영어권 문화에 관한 글을 읽고 생활양식, 풍습, 사고방식 등을 파악할 수 있다.",,understand,B1,,,,,3500+,교육부 고시 제2015-74호 [별책14] 영어과 교육과정,,2018-03-01,verified,2026-04-06,PDF 원문(교육부 고시 제2015-74호 별책14) 대조 완료
[12영화03-02],2015_12영화03_02,2015,high,고2-3,2015_ENG_CULT,영어권문화,R,읽기,영어권 문화에 관한 글을 읽고 주제 및 요지를 파악할 수 있다.,,understand,B1,,,,,3500+,교육부 고시 제2015-74호 [별책14] 영어과 교육과정,,2018-03-01,verified,2026-04-06,PDF 원문(교육부 고시 제2015-74호 별책14) 대조 완료
[12영화03-03],2015_12영화03_03,2015,high,고2-3,2015_ENG_CULT,영어권문화,R,읽기,영어권 문화에 관한 글을 읽고 필자의 의도나 글의 목적을 파악할 수 있다.,,understand,B1,,,,,3500+,교육부 고시 제2015-74호 [별책14] 영어과 교육과정,,2018-03-01,verified,2026-04-06,PDF 원문(교육부 고시 제2015-74호 별책14) 대조 완료
[12영화03-04],2015_12영화03_04,2015,high,고2-3,2015_ENG_CULT,영어권문화,R,읽기,영어권 문화에 관한 글을 읽고 필자의 심정이나 태도를 파악할 수 있다.,,understand,B1,,,,,3500+,교육부 고시 제2015-74호 [별책14] 영어과 교육과정,,2018-03-01,verified,2026-04-06,PDF 원문(교육부 고시 제2015-74호 별책14) 대조 완료
[12영화04-01],2015_12영화04_01,2015,high,고2-3,2015_ENG_CULT,영어권문화,W,쓰기,"영어권 문화에 관하여 듣거나 읽고 생활양식, 풍습, 사고방식 등을 기록할 수 있다.",,understand,B1,,,,,3500+,교육부 고시 제2015-74호 [별책14] 영어과 교육과정,,2018-03-01,verified,2026-04-06,PDF 원문(교육부 고시 제2015-74호 별책14) 대조 완료
[12영화04-02],2015_12영화04_02,2015,high,고2-3,2015_ENG_CULT,영어권문화,W,쓰기,영어권 문화에 관하여 듣거나 읽고 간단하게 요약할 수 있다.,,understand,B1,,,,,3500+,교육부 고시 제2015-74호 [별책14] 영어과 교육과정,,2018-03-01,verified,2026-04-06,PDF 원문(교육부 고시 제2015-74호 별책14) 대조 완료
[12영화04-03],2015_12영화04_03,2015,high,고2-3,2015_ENG_CULT,영어권문화,W,쓰기,영어권 문화에 관해 자신의 의견이나 감정을 쓸 수 있다.,,apply,B1,,,,,3500+,교육부 고시 제2015-74호 [별책14] 영어과 교육과정,,2018-03-01,verified,2026-04-06,PDF 원문(교육부 고시 제2015-74호 별책14) 대조 완료
[12영화04-04],2015_12영화04_04,2015,high,고2-3,2015_ENG_CULT,영어권문화,W,쓰기,영어권 문화에 관한 자신의 경험을 쓸 수 있다.,,apply,B1,,,,,3500+,교육부 고시 제2015-74호 [별책14] 영어과 교육과정,,2018-03-01,verified,2026-04-06,PDF 원문(교육부 고시 제2015-74호 별책14) 대조 완료
[12영화04-05],2015_12영화04_05,2015,high,고2-3,2015_ENG_CULT,영어권문화,W,쓰기,영어권 문화에 관한 간단한 보고서를 작성할 수 있다.,,apply,B1,,,,,3500+,교육부 고시 제2015-74호 [별책14] 영어과 교육과정,,2018-03-01,verified,2026-04-06,PDF 원문(교육부 고시 제2015-74호 별책14) 대조 완료
[12영화04-06],2015_12영화04_06,2015,high,고2-3,2015_ENG_CULT,영어권문화,W,쓰기,영어권 문화에 관해 비교･대조하는 글을 쓸 수 있다.,,apply,B1,,,,,3500+,교육부 고시 제2015-74호 [별책14] 영어과 교육과정,,2018-03-01,verified,2026-04-06,PDF 원문(교육부 고시 제2015-74호 별책14) 대조 완료
[12영문03-01],2015_12영문03_01,2015,high,고2-3,2015_ENG_LIT,영미문학읽기,R,읽기,"문학 작품을 읽고 등장인물, 사건, 시간, 장소 등을 파악할 수 있다.",,understand,B2,,,,,3500+,교육부 고시 제2015-74호 [별책14] 영어과 교육과정,,2018-03-01,verified,2026-04-06,PDF 원문(교육부 고시 제2015-74호 별책14) 대조 완료
[12영문03-02],2015_12영문03_02,2015,high,고2-3,2015_ENG_LIT,영미문학읽기,R,읽기,"문학 작품을 읽고 글에 나타난 이미지, 은유, 상징 등의 구체적인 예를 파악할 수 있다.",,understand,B2,,,,,3500+,교육부 고시 제2015-74호 [별책14] 영어과 교육과정,,2018-03-01,verified,2026-04-06,PDF 원문(교육부 고시 제2015-74호 별책14) 대조 완료
[12영문03-03],2015_12영문03_03,2015,high,고2-3,2015_ENG_LIT,영미문학읽기,R,읽기,"문학 작품을 읽고 줄거리, 주제, 요지를 파악할 수 있다.",,understand,B2,,,,,3500+,교육부 고시 제2015-74호 [별책14] 영어과 교육과정,,2018-03-01,verified,2026-04-06,PDF 원문(교육부 고시 제2015-74호 별책14) 대조 완료
[12영문03-04],2015_12영문03_04,2015,high,고2-3,2015_ENG_LIT,영미문학읽기,R,읽기,문학 작품을 읽고 작품 구성 요소의 유기적 관계를 분석할 수 있다.,,analyze,B2,,,,,3500+,교육부 고시 제2015-74호 [별책14] 영어과 교육과정,,2018-03-01,verified,2026-04-06,PDF 원문(교육부 고시 제2015-74호 별책14) 대조 완료
[12영문03-05],2015_12영문03_05,2015,high,고2-3,2015_ENG_LIT,영미문학읽기,R,읽기,문학 작품을 읽고 필자의 의도나 목적을 추론할 수 있다.,,analyze,B2,,,,,3500+,교육부 고시 제2015-74호 [별책14] 영어과 교육과정,,2018-03-01,verified,2026-04-06,PDF 원문(교육부 고시 제2015-74호 별책14) 대조 완료
[12영문03-06],2015_12영문03_06,2015,high,고2-3,2015_ENG_LIT,영미문학읽기,R,읽기,"문학 작품을 읽고 작품의 분위기, 어조, 상황, 등장인물의 심정을 추론할 수 있다. 134 영미 문학 읽기",,analyze,B2,,,,,3500+,교육부 고시 제2015-74호 [별책14] 영어과 교육과정,,2018-03-01,verified,2026-04-06,PDF 원문(교육부 고시 제2015-74호 별책14) 대조 완료
[12영문03-07],2015_12영문03_07,2015,high,고2-3,2015_ENG_LIT,영미문학읽기,R,읽기,문학 작품을 읽고 심미적 표현과 의미를 파악할 수 있다.,,understand,B2,,,,,3500+,교육부 고시 제2015-74호 [별책14] 영어과 교육과정,,2018-03-01,verified,2026-04-06,PDF 원문(교육부 고시 제2015-74호 별책14) 대조 완료
[12영문03-08],2015_12영문03_08,2015,high,고2-3,2015_ENG_LIT,영미문학읽기,R,읽기,문학 작품을 읽고 작품의 배경과 시대적 상황을 이해할 수 있다.,,understand,B2,,,,,3500+,교육부 고시 제2015-74호 [별책14] 영어과 교육과정,,2018-03-01,verified,2026-04-06,PDF 원문(교육부 고시 제2015-74호 별책14) 대조 완료
[12영문04-01],2015_12영문04_01,2015,high,고2-3,2015_ENG_LIT,영미문학읽기,W,쓰기,"문학 작품을 읽고 등장인물, 사건, 시간, 장소 등에 대해 기록할 수 있다.",,understand,B2,,,,,3500+,교육부 고시 제2015-74호 [별책14] 영어과 교육과정,,2018-03-01,verified,2026-04-06,PDF 원문(교육부 고시 제2015-74호 별책14) 대조 완료
[12영문04-02],2015_12영문04_02,2015,high,고2-3,2015_ENG_LIT,영미문학읽기,W,쓰기,"문학 작품을 읽고 작품의 분위기, 어조, 상황, 등장인물의 심정에 대해 쓸 수 있다.",,apply,B2,,,,,3500+,교육부 고시 제2015-74호 [별책14] 영어과 교육과정,,2018-03-01,verified,2026-04-06,PDF 원문(교육부 고시 제2015-74호 별책14) 대조 완료
[12영문04-03],2015_12영문04_03,2015,high,고2-3,2015_ENG_LIT,영미문학읽기,W,쓰기,"이미지, 은유, 상징 등의 구체적인 예를 활용하여 쓸 수 있다.",,apply,B2,,,,,3500+,교육부 고시 제2015-74호 [별책14] 영어과 교육과정,,2018-03-01,verified,2026-04-06,PDF 원문(교육부 고시 제2015-74호 별책14) 대조 완료
[12영문04-04],2015_12영문04_04,2015,high,고2-3,2015_ENG_LIT,영미문학읽기,W,쓰기,문학 작품을 읽고 요약하는 글을 쓸 수 있다.,,apply,B2,,,,,3500+,교육부 고시 제2015-74호 [별책14] 영어과 교육과정,,2018-03-01,verified,2026-04-06,PDF 원문(교육부 고시 제2015-74호 별책14) 대조 완료
[12영문04-05],2015_12영문04_05,2015,high,고2-3,2015_ENG_LIT,영미문학읽기,W,쓰기,문학 작품을 읽고 감상이나 비평하는 글을 쓸 수 있다.,,apply,B2,,,,,3500+,교육부 고시 제2015-74호 [별책14] 영어과 교육과정,,2018-03-01,verified,2026-04-06,PDF 원문(교육부 고시 제2015-74호 별책14) 대조 완료
[12영문04-06],2015_12영문04_06,2015,high,고2-3,2015_ENG_LIT,영미문학읽기,W,쓰기,문학 작품을 읽고 상황극의 대본을 작성할 수 있다. 136 영미 문학 읽기,,apply,B2,,,,,3500+,교육부 고시 제2015-74호 [별책14] 영어과 교육과정,,2018-03-01,verified,2026-04-06,PDF 원문(교육부 고시 제2015-74호 별책14) 대조 완료
[22-9영01-01],2022_9영01_01,2022,middle,1-3,2022_ENG_M,영어(중등),U,이해,"단어, 어구, 문장을 듣고 연음이나 축약된 소리를 식별한다.",,remember,A2,,,,,1200,교육부 고시 제2022-33호 [별책14] 영어과 교육과정,,2025-03-01,verified,2026-04-05,공식 엑셀 원문 대조 완료. 원본 코드: [9영01-01]
[22-9영01-02],2022_9영01_02,2022,middle,1-3,2022_ENG_M,영어(중등),U,이해,친숙한 주제에 관한 담화나 글에서 세부 정보를 파악한다.,,understand,A2,,,,,1200,교육부 고시 제2022-33호 [별책14] 영어과 교육과정,,2025-03-01,verified,2026-04-05,공식 엑셀 원문 대조 완료. 원본 코드: [9영01-02]
[22-9영01-03],2022_9영01_03,2022,middle,1-3,2022_ENG_M,영어(중등),U,이해,친숙한 주제에 관한 담화나 글의 중심 내용을 파악한다.,,understand,A2,,,,,1200,교육부 고시 제2022-33호 [별책14] 영어과 교육과정,,2025-03-01,verified,2026-04-05,공식 엑셀 원문 대조 완료. 원본 코드: [9영01-03]
[22-9영01-04],2022_9영01_04,2022,middle,1-3,2022_ENG_M,영어(중등),U,이해,친숙한 주제에 관한 담화나 글에서 일이나 사건의 논리적 관계를 파악한다.,,understand,A2,,,,,1200,교육부 고시 제2022-33호 [별책14] 영어과 교육과정,,2025-03-01,verified,2026-04-05,공식 엑셀 원문 대조 완료. 원본 코드: [9영01-04]
[22-9영01-05],2022_9영01_05,2022,middle,1-3,2022_ENG_M,영어(중등),U,이해,친숙한 주제에 관한 담화나 글에서 인물의 기분이나 감정을 추론한다.,,analyze,A2,,,,,1200,교육부 고시 제2022-33호 [별책14] 영어과 교육과정,,2025-03-01,verified,2026-04-05,공식 엑셀 원문 대조 완료. 원본 코드: [9영01-05]
[22-9영01-06],2022_9영01_06,2022,middle,1-3,2022_ENG_M,영어(중등),U,이해,친숙한 주제에 관한 담화나 글에서 화자나 필자의 의도나 목적을 추론한다.,,analyze,A2,,,,,1200,교육부 고시 제2022-33호 [별책14] 영어과 교육과정,,2025-03-01,verified,2026-04-05,공식 엑셀 원문 대조 완료. 원본 코드: [9영01-06]
[22-9영01-07],2022_9영01_07,2022,middle,1-3,2022_ENG_M,영어(중등),U,이해,"단어, 어구, 문장의 함축적 의미를 추론한다.",,analyze,A2,,,,,1200,교육부 고시 제2022-33호 [별책14] 영어과 교육과정,,2025-03-01,verified,2026-04-05,공식 엑셀 원문 대조 완료. 원본 코드: [9영01-07]
[22-9영01-08],2022_9영01_08,2022,middle,1-3,2022_ENG_M,영어(중등),U,이해,적절한 전략을 활용하여 다양한 매체로 표현된 담화나 글을 듣거나 읽는다.,,apply,A2,,,,,1200,교육부 고시 제2022-33호 [별책14] 영어과 교육과정,,2025-03-01,verified,2026-04-05,공식 엑셀 원문 대조 완료. 원본 코드: [9영01-08]
[22-9영01-09],2022_9영01_09,2022,middle,1-3,2022_ENG_M,영어(중등),U,이해,다양한 관점을 존중하는 태도로 듣거나 읽는다.,,understand,A2,,,,,1200,교육부 고시 제2022-33호 [별책14] 영어과 교육과정,,2025-03-01,verified,2026-04-05,공식 엑셀 원문 대조 완료. 원본 코드: [9영01-09]
[22-9영01-10],2022_9영01_10,2022,middle,1-3,2022_ENG_M,영어(중등),U,이해,자신의 관심사에 관한 다양한 담화나 글을 선택하여 적극적으로 듣거나 읽는다.,,evaluate,A2,,,,,1200,교육부 고시 제2022-33호 [별책14] 영어과 교육과정,,2025-03-01,verified,2026-04-05,공식 엑셀 원문 대조 완료. 원본 코드: [9영01-10]
[10공영1-01-01],2022_10공영1_01_01,2022,high,고1,2022_ENG_C1,공통영어1,U,이해,말이나 글에 포함된 세부 정보를 파악한다.,,understand,B1,,,,,2800,교육부 고시 제2022-33호 [별책14] 영어과 교육과정,,2025-03-01,verified,2026-04-05,공식 엑셀 원문 대조 완료. 원본 코드: [10공영1-01-01]
[10공영1-01-02],2022_10공영1_01_02,2022,high,고1,2022_ENG_C1,공통영어1,U,이해,말이나 글의 주제나 요지를 파악한다.,,understand,B1,,,,,2800,교육부 고시 제2022-33호 [별책14] 영어과 교육과정,,2025-03-01,verified,2026-04-05,공식 엑셀 원문 대조 완료. 원본 코드: [10공영1-01-02]
[10공영1-01-03],2022_10공영1_01_03,2022,high,고1,2022_ENG_C1,공통영어1,U,이해,말이나 글의 분위기나 화자나 인물의 심정 및 의도 등을 추론한다.,,analyze,B1,,,,,2800,교육부 고시 제2022-33호 [별책14] 영어과 교육과정,,2025-03-01,verified,2026-04-05,공식 엑셀 원문 대조 완료. 원본 코드: [10공영1-01-03]
[10공영1-01-04],2022_10공영1_01_04,2022,high,고1,2022_ENG_C1,공통영어1,U,이해,말이나 글에 나타난 일이나 사건의 논리적 관계를 파악한다.,,understand,B1,,,,,2800,교육부 고시 제2022-33호 [별책14] 영어과 교육과정,,2025-03-01,verified,2026-04-05,공식 엑셀 원문 대조 완료. 원본 코드: [10공영1-01-04]
[10공영1-01-05],2022_10공영1_01_05,2022,high,고1,2022_ENG_C1,공통영어1,U,이해,말이나 글에 포함된 표현의 함축적 의미를 추론한다.,,analyze,B1,,,,,2800,교육부 고시 제2022-33호 [별책14] 영어과 교육과정,,2025-03-01,verified,2026-04-05,공식 엑셀 원문 대조 완료. 원본 코드: [10공영1-01-05]
[10공영1-01-06],2022_10공영1_01_06,2022,high,고1,2022_ENG_C1,공통영어1,U,이해,말이나 글의 전개 방식이나 구조를 파악한다.,,understand,B1,,,,,2800,교육부 고시 제2022-33호 [별책14] 영어과 교육과정,,2025-03-01,verified,2026-04-05,공식 엑셀 원문 대조 완료. 원본 코드: [10공영1-01-06]
[10공영1-01-07],2022_10공영1_01_07,2022,high,고1,2022_ENG_C1,공통영어1,U,이해,말이나 글의 이해를 위한 적절한 전략을 적용한다.,,apply,B1,,,,,2800,교육부 고시 제2022-33호 [별책14] 영어과 교육과정,,2025-03-01,verified,2026-04-05,공식 엑셀 원문 대조 완료. 원본 코드: [10공영1-01-07]
[10공영1-01-08],2022_10공영1_01_08,2022,high,고1,2022_ENG_C1,공통영어1,U,이해,말이나 글에 나타난 다양한 관점이나 의견을 포용적인 태도로 분석한다.,,analyze,B1,,,,,2800,교육부 고시 제2022-33호 [별책14] 영어과 교육과정,,2025-03-01,verified,2026-04-05,공식 엑셀 원문 대조 완료. 원본 코드: [10공영1-01-08]
[10공영2-01-01],2022_10공영2_01_01,2022,high,고1,2022_ENG_C2,공통영어2,U,이해,말이나 글에 포함된 세부 정보를 파악한다.,,understand,B1,,,,,2800,교육부 고시 제2022-33호 [별책14] 영어과 교육과정,,2025-03-01,verified,2026-04-05,공식 엑셀 원문 대조 완료. 원본 코드: [10공영2-01-01]
[10공영2-01-02],2022_10공영2_01_02,2022,high,고1,2022_ENG_C2,공통영어2,U,이해,말이나 글의 주제나 요지를 파악한다.,,understand,B1,,,,,2800,교육부 고시 제2022-33호 [별책14] 영어과 교육과정,,2025-03-01,verified,2026-04-05,공식 엑셀 원문 대조 완료. 원본 코드: [10공영2-01-02]
[10공영2-01-03],2022_10공영2_01_03,2022,high,고1,2022_ENG_C2,공통영어2,U,이해,말이나 글의 분위기나 등장인물의 심정 및 의도 등을 추론한다.,,analyze,B1,,,,,2800,교육부 고시 제2022-33호 [별책14] 영어과 교육과정,,2025-03-01,verified,2026-04-05,공식 엑셀 원문 대조 완료. 원본 코드: [10공영2-01-03]
[10공영2-01-04],2022_10공영2_01_04,2022,high,고1,2022_ENG_C2,공통영어2,U,이해,말이나 글에 나타난 일이나 사건의 논리적 관계를 파악한다.,,understand,B1,,,,,2800,교육부 고시 제2022-33호 [별책14] 영어과 교육과정,,2025-03-01,verified,2026-04-05,공식 엑셀 원문 대조 완료. 원본 코드: [10공영2-01-04]
[10공영2-01-05],2022_10공영2_01_05,2022,high,고1,2022_ENG_C2,공통영어2,U,이해,말이나 글에 포함된 표현의 함축적 의미를 추론한다.,,analyze,B1,,,,,2800,교육부 고시 제2022-33호 [별책14] 영어과 교육과정,,2025-03-01,verified,2026-04-05,공식 엑셀 원문 대조 완료. 원본 코드: [10공영2-01-05]
[10공영2-01-06],2022_10공영2_01_06,2022,high,고1,2022_ENG_C2,공통영어2,U,이해,말이나 글의 전개 방식이나 구조를 파악한다.,,understand,B1,,,,,2800,교육부 고시 제2022-33호 [별책14] 영어과 교육과정,,2025-03-01,verified,2026-04-05,공식 엑셀 원문 대조 완료. 원본 코드: [10공영2-01-06]
[10공영2-01-07],2022_10공영2_01_07,2022,high,고1,2022_ENG_C2,공통영어2,U,이해,다양한 매체의 말이나 글을 비판적으로 이해한다.,,understand,B1,,,,,2800,교육부 고시 제2022-33호 [별책14] 영어과 교육과정,,2025-03-01,verified,2026-04-05,공식 엑셀 원문 대조 완료. 원본 코드: [10공영2-01-07]
[10공영2-01-08],2022_10공영2_01_08,2022,high,고1,2022_ENG_C2,공통영어2,U,이해,말이나 글의 이해를 위한 적절한 전략을 적용한다.,,apply,B1,,,,,2800,교육부 고시 제2022-33호 [별책14] 영어과 교육과정,,2025-03-01,verified,2026-04-05,공식 엑셀 원문 대조 완료. 원본 코드: [10공영2-01-08]
[10기영1-01-01],2022_10기영1_01_01,2022,high,고1,2022_ENG_B1,기본영어1,U,이해,말이나 글의 세부 정보를 파악한다.,,understand,A2,,,,,2800,교육부 고시 제2022-33호 [별책14] 영어과 교육과정,,2025-03-01,verified,2026-04-05,공식 엑셀 원문 대조 완료. 원본 코드: [10기영1-01-01]
[10기영1-01-02],2022_10기영1_01_02,2022,high,고1,2022_ENG_B1,기본영어1,U,이해,말이나 글의 주제나 요지를 파악한다.,,understand,A2,,,,,2800,교육부 고시 제2022-33호 [별책14] 영어과 교육과정,,2025-03-01,verified,2026-04-05,공식 엑셀 원문 대조 완료. 원본 코드: [10기영1-01-02]
[10기영1-01-03],2022_10기영1_01_03,2022,high,고1,2022_ENG_B1,기본영어1,U,이해,화자나 필자 또는 인물의 의도 및 목적을 파악한다.,,understand,A2,,,,,2800,교육부 고시 제2022-33호 [별책14] 영어과 교육과정,,2025-03-01,verified,2026-04-05,공식 엑셀 원문 대조 완료. 원본 코드: [10기영1-01-03]
[10기영1-01-04],2022_10기영1_01_04,2022,high,고1,2022_ENG_B1,기본영어1,U,이해,화자나 필자 또는 인물의 심정이나 태도를 파악한다.,,understand,A2,,,,,2800,교육부 고시 제2022-33호 [별책14] 영어과 교육과정,,2025-03-01,verified,2026-04-05,공식 엑셀 원문 대조 완료. 원본 코드: [10기영1-01-04]
[10기영1-01-05],2022_10기영1_01_05,2022,high,고1,2022_ENG_B1,기본영어1,U,이해,말이나 글에 나타난 일이나 사건의 절차나 순서를 파악한다.,,understand,A2,,,,,2800,교육부 고시 제2022-33호 [별책14] 영어과 교육과정,,2025-03-01,verified,2026-04-05,공식 엑셀 원문 대조 완료. 원본 코드: [10기영1-01-05]
[10기영1-01-06],2022_10기영1_01_06,2022,high,고1,2022_ENG_B1,기본영어1,U,이해,말이나 글의 전개 방식이나 구조를 파악한다.,,understand,A2,,,,,2800,교육부 고시 제2022-33호 [별책14] 영어과 교육과정,,2025-03-01,verified,2026-04-05,공식 엑셀 원문 대조 완료. 원본 코드: [10기영1-01-06]
[10기영1-01-07],2022_10기영1_01_07,2022,high,고1,2022_ENG_B1,기본영어1,U,이해,적절한 듣기 또는 읽기 전략을 적용하고 성찰한다.,,apply,A2,,,,,2800,교육부 고시 제2022-33호 [별책14] 영어과 교육과정,,2025-03-01,verified,2026-04-05,공식 엑셀 원문 대조 완료. 원본 코드: [10기영1-01-07]
[10기영1-01-08],2022_10기영1_01_08,2022,high,고1,2022_ENG_B1,기본영어1,U,이해,다양한 매체로 듣거나 읽으며 학습 동기를 형성한다.,,apply,A2,,,,,2800,교육부 고시 제2022-33호 [별책14] 영어과 교육과정,,2025-03-01,verified,2026-04-05,공식 엑셀 원문 대조 완료. 원본 코드: [10기영1-01-08]
[10기영2-01-01],2022_10기영2_01_01,2022,high,고1,2022_ENG_B2,기본영어2,U,이해,말이나 글의 세부 정보를 파악한다.,,understand,A2,,,,,2800,교육부 고시 제2022-33호 [별책14] 영어과 교육과정,,2025-03-01,verified,2026-04-05,공식 엑셀 원문 대조 완료. 원본 코드: [10기영2-01-01]
[10기영2-01-02],2022_10기영2_01_02,2022,high,고1,2022_ENG_B2,기본영어2,U,이해,말이나 글의 주제나 요지를 파악한다.,,understand,A2,,,,,2800,교육부 고시 제2022-33호 [별책14] 영어과 교육과정,,2025-03-01,verified,2026-04-05,공식 엑셀 원문 대조 완료. 원본 코드: [10기영2-01-02]
[10기영2-01-03],2022_10기영2_01_03,2022,high,고1,2022_ENG_B2,기본영어2,U,이해,화자나 필자 또는 인물의 의도 및 목적을 근거를 찾아 파악한다.,,understand,A2,,,,,2800,교육부 고시 제2022-33호 [별책14] 영어과 교육과정,,2025-03-01,verified,2026-04-05,공식 엑셀 원문 대조 완료. 원본 코드: [10기영2-01-03]
[10기영2-01-04],2022_10기영2_01_04,2022,high,고1,2022_ENG_B2,기본영어2,U,이해,화자나 필자 또는 인물의 심정이나 태도를 근거를 찾아 파악한다.,,understand,A2,,,,,2800,교육부 고시 제2022-33호 [별책14] 영어과 교육과정,,2025-03-01,verified,2026-04-05,공식 엑셀 원문 대조 완료. 원본 코드: [10기영2-01-04]
[10기영2-01-05],2022_10기영2_01_05,2022,high,고1,2022_ENG_B2,기본영어2,U,이해,말이나 글에 나타난 일이나 사건의 절차나 순서를 파악한다.,,understand,A2,,,,,2800,교육부 고시 제2022-33호 [별책14] 영어과 교육과정,,2025-03-01,verified,2026-04-05,공식 엑셀 원문 대조 완료. 원본 코드: [10기영2-01-05]
[10기영2-01-06],2022_10기영2_01_06,2022,high,고1,2022_ENG_B2,기본영어2,U,이해,말이나 글의 전개 구조 및 논리적 관계를 파악한다.,,understand,A2,,,,,2800,교육부 고시 제2022-33호 [별책14] 영어과 교육과정,,2025-03-01,verified,2026-04-05,공식 엑셀 원문 대조 완료. 원본 코드: [10기영2-01-06]
[10기영2-01-07],2022_10기영2_01_07,2022,high,고1,2022_ENG_B2,기본영어2,U,이해,적절한 듣기 또는 읽기 전략을 적용하고 성찰한다.,,apply,A2,,,,,2800,교육부 고시 제2022-33호 [별책14] 영어과 교육과정,,2025-03-01,verified,2026-04-05,공식 엑셀 원문 대조 완료. 원본 코드: [10기영2-01-07]
[10기영2-01-08],2022_10기영2_01_08,2022,high,고1,2022_ENG_B2,기본영어2,U,이해,다양한 매체로 듣거나 읽으며 학습 동기를 형성한다.,,apply,A2,,,,,2800,교육부 고시 제2022-33호 [별책14] 영어과 교육과정,,2025-03-01,verified,2026-04-05,공식 엑셀 원문 대조 완료. 원본 코드: [10기영2-01-08]
[22-12영Ⅰ-01-01],2022_12영1_01_01,2022,high,고2-3,2022_ENG1,영어I,U,이해,말이나 글의 세부 정보를 파악한다.,,understand,B1,,,,,3500+,교육부 고시 제2022-33호 [별책14] 영어과 교육과정,,2025-03-01,verified,2026-04-05,공식 엑셀 원문 대조 완료. 원본 코드: [12영Ⅰ-01-01]
[22-12영Ⅰ-01-02],2022_12영1_01_02,2022,high,고2-3,2022_ENG1,영어I,U,이해,말이나 글의 주제나 요지를 파악한다.,,understand,B1,,,,,3500+,교육부 고시 제2022-33호 [별책14] 영어과 교육과정,,2025-03-01,verified,2026-04-05,공식 엑셀 원문 대조 완료. 원본 코드: [12영Ⅰ-01-02]
[22-12영Ⅰ-01-03],2022_12영1_01_03,2022,high,고2-3,2022_ENG1,영어I,U,이해,화자나 필자의 심정이나 의도를 추론한다.,,analyze,B1,,,,,3500+,교육부 고시 제2022-33호 [별책14] 영어과 교육과정,,2025-03-01,verified,2026-04-05,공식 엑셀 원문 대조 완료. 원본 코드: [12영Ⅰ-01-03]
[22-12영Ⅰ-01-04],2022_12영1_01_04,2022,high,고2-3,2022_ENG1,영어I,U,이해,말이나 글에서 일이나 사건의 논리적 관계를 파악한다.,,understand,B1,,,,,3500+,교육부 고시 제2022-33호 [별책14] 영어과 교육과정,,2025-03-01,verified,2026-04-05,공식 엑셀 원문 대조 완료. 원본 코드: [12영Ⅰ-01-04]
[22-12영Ⅰ-01-05],2022_12영1_01_05,2022,high,고2-3,2022_ENG1,영어I,U,이해,말이나 글의 맥락을 바탕으로 어구나 문장의 함축적 의미를 추론한다.,,analyze,B1,,,,,3500+,교육부 고시 제2022-33호 [별책14] 영어과 교육과정,,2025-03-01,verified,2026-04-05,공식 엑셀 원문 대조 완료. 원본 코드: [12영Ⅰ-01-05]
[22-12영Ⅰ-01-06],2022_12영1_01_06,2022,high,고2-3,2022_ENG1,영어I,U,이해,말이나 글의 전개 방식이나 구조를 파악한다.,,understand,B1,,,,,3500+,교육부 고시 제2022-33호 [별책14] 영어과 교육과정,,2025-03-01,verified,2026-04-05,공식 엑셀 원문 대조 완료. 원본 코드: [12영Ⅰ-01-06]
[22-12영Ⅰ-01-07],2022_12영1_01_07,2022,high,고2-3,2022_ENG1,영어I,U,이해,적절한 전략을 활용하여 다양한 매체로 된 말이나 글의 의미를 파악한다.,,understand,B1,,,,,3500+,교육부 고시 제2022-33호 [별책14] 영어과 교육과정,,2025-03-01,verified,2026-04-05,공식 엑셀 원문 대조 완료. 원본 코드: [12영Ⅰ-01-07]
[22-12영Ⅰ-01-08],2022_12영1_01_08,2022,high,고2-3,2022_ENG1,영어I,U,이해,우리 문화 및 타 문화의 다양한 관점에 대해 포용하고 공감하는 태도를 가진다.,,understand,B1,,,,,3500+,교육부 고시 제2022-33호 [별책14] 영어과 교육과정,,2025-03-01,verified,2026-04-05,공식 엑셀 원문 대조 완료. 원본 코드: [12영Ⅰ-01-08]
[22-12영Ⅱ-01-01],2022_12영2_01_01,2022,high,고2-3,2022_ENG2,영어II,U,이해,다양한 주제에 대한 말이나 글의 세부 정보를 파악한다.,,understand,B2,,,,,3500+,교육부 고시 제2022-33호 [별책14] 영어과 교육과정,,2025-03-01,verified,2026-04-05,공식 엑셀 원문 대조 완료. 원본 코드: [12영Ⅱ-01-01]
[22-12영Ⅱ-01-02],2022_12영2_01_02,2022,high,고2-3,2022_ENG2,영어II,U,이해,말이나 글의 주제나 요지를 파악한다.,,understand,B2,,,,,3500+,교육부 고시 제2022-33호 [별책14] 영어과 교육과정,,2025-03-01,verified,2026-04-05,공식 엑셀 원문 대조 완료. 원본 코드: [12영Ⅱ-01-02]
[22-12영Ⅱ-01-03],2022_12영2_01_03,2022,high,고2-3,2022_ENG2,영어II,U,이해,"말이나 글에 나타난 화자, 필자, 인물 등의 심정이나 의도를 추론한다.",,analyze,B2,,,,,3500+,교육부 고시 제2022-33호 [별책14] 영어과 교육과정,,2025-03-01,verified,2026-04-05,공식 엑셀 원문 대조 완료. 원본 코드: [12영Ⅱ-01-03]
[22-12영Ⅱ-01-04],2022_12영2_01_04,2022,high,고2-3,2022_ENG2,영어II,U,이해,말이나 글에서 일이나 사건의 논리적 관계를 추론한다.,,analyze,B2,,,,,3500+,교육부 고시 제2022-33호 [별책14] 영어과 교육과정,,2025-03-01,verified,2026-04-05,공식 엑셀 원문 대조 완료. 원본 코드: [12영Ⅱ-01-04]
[22-12영Ⅱ-01-05],2022_12영2_01_05,2022,high,고2-3,2022_ENG2,영어II,U,이해,말이나 글의 맥락을 바탕으로 함축된 의미를 추론한다.,,analyze,B2,,,,,3500+,교육부 고시 제2022-33호 [별책14] 영어과 교육과정,,2025-03-01,verified,2026-04-05,공식 엑셀 원문 대조 완료. 원본 코드: [12영Ⅱ-01-05]
[22-12영Ⅱ-01-06],2022_12영2_01_06,2022,high,고2-3,2022_ENG2,영어II,U,이해,다양한 유형의 말이나 글의 전개 방식이나 구조를 파악한다.,,understand,B2,,,,,3500+,교육부 고시 제2022-33호 [별책14] 영어과 교육과정,,2025-03-01,verified,2026-04-05,공식 엑셀 원문 대조 완료. 원본 코드: [12영Ⅱ-01-06]
[22-12영Ⅱ-01-07],2022_12영2_01_07,2022,high,고2-3,2022_ENG2,영어II,U,이해,적절한 전략을 적용하여 다양한 매체 자료의 말이나 글을 이해한다.,,apply,B2,,,,,3500+,교육부 고시 제2022-33호 [별책14] 영어과 교육과정,,2025-03-01,verified,2026-04-05,공식 엑셀 원문 대조 완료. 원본 코드: [12영Ⅱ-01-07]
[22-12영Ⅱ-01-08],2022_12영2_01_08,2022,high,고2-3,2022_ENG2,영어II,U,이해,다양한 문화와 관점에 대해 포용하고 공감하는 태도를 가진다.,,understand,B2,,,,,3500+,교육부 고시 제2022-33호 [별책14] 영어과 교육과정,,2025-03-01,verified,2026-04-05,공식 엑셀 원문 대조 완료. 원본 코드: [12영Ⅱ-01-08]
[22-4영01-01],2022_E34_ENG_U_01,2022,elementary,3-4,2022_ENG_E,영어,U,이해,알파벳과 쉽고 간단한 단어의 소리를 듣고 식별한다.,"Can listen to and identify sounds of easy and simple words, phrases, and sentences.",remember,A1,,,,,basic_300,교육부 고시 제2022-33호 [별책14] 영어과 교육과정,,2025-03-01,verified,2026-04-06,평가원 연구보고서(2022 개정 초·중학교 영어과 성취수준 개발 연구) 대조 완료
[22-4영01-02],2022_E34_ENG_U_02,2022,elementary,3-4,2022_ENG_E,영어,U,이해,알파벳 대소문자를 식별하여 읽는다.,"Can identify stress, rhythm, and intonation in English.",remember,A1,,,,,basic_300,교육부 고시 제2022-33호 [별책14] 영어과 교육과정,,2025-03-01,verified,2026-04-06,평가원 연구보고서(2022 개정 초·중학교 영어과 성취수준 개발 연구) 대조 완료
[22-4영01-03],2022_E34_ENG_U_03,2022,elementary,3-4,2022_ENG_E,영어,U,이해,"쉽고 간단한 단어, 어구, 문장을 듣고 강세, 리듬, 억양을 식별한다.",Can identify and read uppercase and lowercase letters.,remember,A1,,,,,basic_300,교육부 고시 제2022-33호 [별책14] 영어과 교육과정,,2025-03-01,verified,2026-04-06,평가원 연구보고서(2022 개정 초·중학교 영어과 성취수준 개발 연구) 대조 완료
[22-4영01-04],2022_E34_ENG_U_04,2022,elementary,3-4,2022_ENG_E,영어,U,이해,"소리와 철자의 관계를 이해하며 쉽고 간단한 단어, 어구, 문장을 소리 내어 읽는다.",Can understand the sound-spelling relationship and read words.,understand,A1,,,,,basic_300,교육부 고시 제2022-33호 [별책14] 영어과 교육과정,,2025-03-01,verified,2026-04-06,평가원 연구보고서(2022 개정 초·중학교 영어과 성취수준 개발 연구) 대조 완료
[22-4영01-05],2022_E34_ENG_U_05,2022,elementary,3-4,2022_ENG_E,영어,U,이해,"쉽고 간단한 단어, 어구, 문장의 의미를 이해한다.","Can understand the meaning of easy and simple words, phrases, and sentences.",understand,A1,,,,,basic_300,교육부 고시 제2022-33호 [별책14] 영어과 교육과정,,2025-03-01,verified,2026-04-05,교육부 고시 + EJCE 논문 대조
[22-4영01-06],2022_E34_ENG_U_06,2022,elementary,3-4,2022_ENG_E,영어,U,이해,쉽고 간단한 말이나 글의 주요 정보를 파악한다.,Can identify key information in easy and simple speech or writing.,understand,A1,,,,,basic_300,교육부 고시 제2022-33호 [별책14] 영어과 교육과정,,2025-03-01,verified,2026-04-05,교육부 고시 + EJCE 논문 대조
[22-4영01-07],2022_E34_ENG_U_07,2022,elementary,3-4,2022_ENG_E,영어,U,이해,적절한 전략을 활용하여 담화나 문장을 듣거나 읽는다.,Can listen to or read discourse or sentences using appropriate strategies.,apply,A1,,,,,basic_300,교육부 고시 제2022-33호 [별책14] 영어과 교육과정,,2025-03-01,verified,2026-04-05,교육부 고시 + EJCE 논문 대조
[22-4영01-08],2022_E34_ENG_U_08,2022,elementary,3-4,2022_ENG_E,영어,U,이해,다양한 매체로 표현된 담화나 문장을 흥미를 가지고 듣거나 읽는다.,Can listen to or read discourse or sentences expressed through various media with interest.,apply,A1,,,,,basic_300,교육부 고시 제2022-33호 [별책14] 영어과 교육과정,,2025-03-01,verified,2026-04-05,교육부 고시 구조 기반 추정 — 원문 대조 필요
[22-4영01-09],2022_E34_ENG_U_09,2022,elementary,3-4,2022_ENG_E,영어,U,이해,이야기나 서사 및 운문을 공감하며 듣거나 읽는다.,"Can listen to or read stories, narratives, and poems with empathy.",understand,A1,,,,,basic_300,교육부 고시 제2022-33호 [별책14] 영어과 교육과정,,2025-03-01,verified,2026-04-05,교육부 고시 + EJCE 논문 대조
[22-4영02-01],2022_E34_ENG_E_01,2022,elementary,3-4,2022_ENG_E,영어,E,표현,"쉽고 간단한 단어, 어구, 문장을 강세, 리듬, 억양에 맞게 따라 말한다.",Can correctly write uppercase and lowercase letters.,apply,A1,,,,,basic_300,교육부 고시 제2022-33호 [별책14] 영어과 교육과정,,2025-03-01,verified,2026-04-06,평가원 연구보고서(2022 개정 초·중학교 영어과 성취수준 개발 연구) 대조 완료
[22-4영02-02],2022_E34_ENG_E_02,2022,elementary,3-4,2022_ENG_E,영어,E,표현,알파벳 대소문자를 구별하여 쓴다.,Can write easy and simple words based on the sound-spelling relationship.,apply,A1,,,,,basic_300,교육부 고시 제2022-33호 [별책14] 영어과 교육과정,,2025-03-01,verified,2026-04-06,평가원 연구보고서(2022 개정 초·중학교 영어과 성취수준 개발 연구) 대조 완료
[22-4영02-03],2022_E34_ENG_E_03,2022,elementary,3-4,2022_ENG_E,영어,E,표현,소리와 철자의 관계를 바탕으로 쉽고 간단한 단어를 쓴다.,Can repeat or copy speech or writing.,apply,A1,,,,,basic_300,교육부 고시 제2022-33호 [별책14] 영어과 교육과정,,2025-03-01,verified,2026-04-06,평가원 연구보고서(2022 개정 초·중학교 영어과 성취수준 개발 연구) 대조 완료
[22-4영02-04],2022_E34_ENG_E_04,2022,elementary,3-4,2022_ENG_E,영어,E,표현,"실물, 그림, 동작 등을 보고 쉽고 간단한 단어, 어구, 문장으로 말하거나 쓴다.","Can say or write easy and simple words, phrases, or sentences by looking at objects, pictures, or actions.",apply,A1,,,,,basic_300,교육부 고시 제2022-33호 [별책14] 영어과 교육과정,,2025-03-01,verified,2026-04-05,교육부 고시 + EJCE 논문 대조
[22-4영02-05],2022_E34_ENG_E_05,2022,elementary,3-4,2022_ENG_E,영어,E,표현,자기 주변 주제에 대해 간단한 의사소통 상황 및 목적에 맞게 말하거나 쓴다.,Can speak or write appropriately for simple communication situations and purposes about topics around them.,apply,A1,,,,,basic_300,교육부 고시 제2022-33호 [별책14] 영어과 교육과정,,2025-03-01,verified,2026-04-05,교육부 고시 + EJCE 논문 대조
[22-4영02-06],2022_E34_ENG_E_06,2022,elementary,3-4,2022_ENG_E,영어,E,표현,행동을 지시하는 쉽고 간단한 표현을 말하거나 쓴다.,Can say or write easy and simple expressions to give instructions.,apply,A1,,,,,basic_300,교육부 고시 제2022-33호 [별책14] 영어과 교육과정,,2025-03-01,verified,2026-04-05,교육부 고시 + EJCE 논문 대조
[22-4영02-07],2022_E34_ENG_E_07,2022,elementary,3-4,2022_ENG_E,영어,E,표현,자신의 감정을 쉽고 간단한 문장으로 표현한다.,Can express one's feelings in easy and simple sentences.,apply,A1,,,,,basic_300,교육부 고시 제2022-33호 [별책14] 영어과 교육과정,,2025-03-01,verified,2026-04-05,교육부 고시 + EJCE 논문 대조
[22-4영02-08],2022_E34_ENG_E_08,2022,elementary,3-4,2022_ENG_E,영어,E,표현,자기 주변 주제에 관한 담화의 주요 정보를 묻거나 답한다.,Can ask or answer about key information in discourse on topics around them.,apply,A1,,,,,basic_300,교육부 고시 제2022-33호 [별책14] 영어과 교육과정,,2025-03-01,verified,2026-04-05,교육부 고시 + EJCE 논문 대조
[22-4영02-09],2022_E34_ENG_E_09,2022,elementary,3-4,2022_ENG_E,영어,E,표현,적절한 매체나 전략을 활용하여 창의적으로 의미를 표현한다.,Can express meaning creatively using appropriate media or strategies.,create,A1,,,,,basic_300,교육부 고시 제2022-33호 [별책14] 영어과 교육과정,,2025-03-01,verified,2026-04-05,교육부 고시 + EJCE 논문 대조
[22-6영01-01],2022_E56_ENG_U_01,2022,elementary,5-6,2022_ENG_E,영어,U,이해,"간단한 말이나 대화를 듣고 강세, 리듬, 억양을 식별한다.","Can listen to simple speech or conversations and identify stress, rhythm, and intonation.",remember,A1,,,,,basic_800,교육부 고시 제2022-33호 [별책14] 영어과 교육과정,,2025-03-01,needs_review,2026-04-05,교육부 고시 구조 기반 추정 — 원문 대조 필요
[22-6영01-02],2022_E56_ENG_U_02,2022,elementary,5-6,2022_ENG_E,영어,U,이해,"간단한 낱말이나 어구, 문장을 소리 내어 읽는다.","Can read aloud simple words, phrases, and sentences.",apply,A1,,,,,basic_800,교육부 고시 제2022-33호 [별책14] 영어과 교육과정,,2025-03-01,needs_review,2026-04-05,교육부 고시 구조 기반 추정 — 원문 대조 필요
[22-6영01-03],2022_E56_ENG_U_03,2022,elementary,5-6,2022_ENG_E,영어,U,이해,"간단한 단어, 어구, 문장의 의미를 이해한다.","Can understand the meaning of simple words, phrases, and sentences.",understand,A1,,,,,basic_800,교육부 고시 제2022-33호 [별책14] 영어과 교육과정,,2025-03-01,verified,2026-04-05,교육부 고시 + EJCE 논문 대조
[22-6영01-04],2022_E56_ENG_U_04,2022,elementary,5-6,2022_ENG_E,영어,U,이해,일상생활 주제에 관한 담화나 글의 세부 정보를 파악한다.,Can identify details in discourse or texts on everyday topics.,understand,A1,,,,,basic_800,교육부 고시 제2022-33호 [별책14] 영어과 교육과정,,2025-03-01,verified,2026-04-05,교육부 고시 + EJCE 논문 대조
[22-6영01-05],2022_E56_ENG_U_05,2022,elementary,5-6,2022_ENG_E,영어,U,이해,일상생활 주제에 관한 담화나 글의 중심 내용을 파악한다.,Can identify the main idea of discourse or texts on everyday topics.,understand,A1,,,,,basic_800,교육부 고시 제2022-33호 [별책14] 영어과 교육과정,,2025-03-01,verified,2026-04-05,교육부 고시 + EJCE 논문 대조
[22-6영01-06],2022_E56_ENG_U_06,2022,elementary,5-6,2022_ENG_E,영어,U,이해,일상생활 주제에 관한 담화나 글의 일이나 사건의 순서를 파악한다.,Can identify the sequence of events in discourse or texts on everyday topics.,understand,A1,,,,,basic_800,교육부 고시 제2022-33호 [별책14] 영어과 교육과정,,2025-03-01,verified,2026-04-05,교육부 고시 + EJCE 논문 대조
[22-6영01-07],2022_E56_ENG_U_07,2022,elementary,5-6,2022_ENG_E,영어,U,이해,적절한 전략을 활용하여 일상생활 주제에 관한 담화나 글을 듣거나 읽는다.,Can listen to or read discourse or texts on everyday topics using appropriate strategies.,apply,A1,,,,,basic_800,교육부 고시 제2022-33호 [별책14] 영어과 교육과정,,2025-03-01,verified,2026-04-05,교육부 고시 + EJCE 논문 대조
[22-6영01-08],2022_E56_ENG_U_08,2022,elementary,5-6,2022_ENG_E,영어,U,이해,다양한 매체로 표현된 담화나 글을 흥미와 자신감을 가지고 듣거나 읽는다.,Can listen to or read discourse or texts expressed through various media with interest and confidence.,apply,A1,,,,,basic_800,교육부 고시 제2022-33호 [별책14] 영어과 교육과정,,2025-03-01,needs_review,2026-04-05,교육부 고시 구조 기반 추정 — 원문 대조 필요
[22-6영01-09],2022_E56_ENG_U_09,2022,elementary,5-6,2022_ENG_E,영어,U,이해,이야기나 서사 및 운문을 공감하며 듣거나 읽는다.,"Can listen to or read stories, narratives, and poems with empathy.",understand,A1,,,,,basic_800,교육부 고시 제2022-33호 [별책14] 영어과 교육과정,,2025-03-01,verified,2026-04-05,교육부 고시 + EJCE 논문 대조
[22-6영02-01],2022_E56_ENG_E_01,2022,elementary,5-6,2022_ENG_E,영어,E,표현,"간단한 단어, 어구, 문장을 강세, 리듬, 억양에 맞게 말한다.",Can listen to and write simple words or phrases.,apply,A1,,,,,basic_800,교육부 고시 제2022-33호 [별책14] 영어과 교육과정,,2025-03-01,verified,2026-04-06,평가원 연구보고서(2022 개정 초·중학교 영어과 성취수준 개발 연구) 대조 완료
[22-6영02-02],2022_E56_ENG_E_02,2022,elementary,5-6,2022_ENG_E,영어,E,표현,"실물, 그림, 동작 등을 보고 간단한 단어, 어구, 문장으로 말하거나 쓴다.","Can say or write simple words, phrases, or sentences by looking at objects, pictures, or actions.",apply,A1,,,,,basic_800,교육부 고시 제2022-33호 [별책14] 영어과 교육과정,,2025-03-01,verified,2026-04-05,교육부 고시 + EJCE 논문 대조
[22-6영02-03],2022_E56_ENG_E_03,2022,elementary,5-6,2022_ENG_E,영어,E,표현,알파벳 대소문자와 문장 부호를 문장에서 바르게 사용한다.,Can give simple greetings and introductions about daily life.,apply,A1,,,,,basic_800,교육부 고시 제2022-33호 [별책14] 영어과 교육과정,,2025-03-01,verified,2026-04-06,평가원 연구보고서(2022 개정 초·중학교 영어과 성취수준 개발 연구) 대조 완료
[22-6영02-04],2022_E56_ENG_E_04,2022,elementary,5-6,2022_ENG_E,영어,E,표현,"주변 사람을 소개하거나, 주변 사람이나 사물을 묘사한다.",Can introduce people around them or describe people and things.,apply,A1,,,,,basic_800,교육부 고시 제2022-33호 [별책14] 영어과 교육과정,,2025-03-01,verified,2026-04-05,교육부 고시 + EJCE 논문 대조
[22-6영02-05],2022_E56_ENG_E_05,2022,elementary,5-6,2022_ENG_E,영어,E,표현,"주변 장소나 위치, 행동 순서나 방법을 설명한다.","Can explain nearby places, locations, or the sequence and methods of actions.",apply,A1,,,,,basic_800,교육부 고시 제2022-33호 [별책14] 영어과 교육과정,,2025-03-01,verified,2026-04-05,교육부 고시 + EJCE 논문 대조
[22-6영02-06],2022_E56_ENG_E_06,2022,elementary,5-6,2022_ENG_E,영어,E,표현,"감정이나 의견, 경험이나 계획을 기술한다.","Can describe feelings, opinions, experiences, or plans.",apply,A1,,,,,basic_800,교육부 고시 제2022-33호 [별책14] 영어과 교육과정,,2025-03-01,verified,2026-04-05,교육부 고시 + EJCE 논문 대조
[22-6영02-07],2022_E56_ENG_E_07,2022,elementary,5-6,2022_ENG_E,영어,E,표현,일상생활 주제에 관한 담화나 글의 세부 정보를 묻거나 답한다.,Can ask or answer about details in discourse or texts on everyday topics.,apply,A1,,,,,basic_800,교육부 고시 제2022-33호 [별책14] 영어과 교육과정,,2025-03-01,verified,2026-04-05,교육부 고시 + EJCE 논문 대조
[22-6영02-08],2022_E56_ENG_E_08,2022,elementary,5-6,2022_ENG_E,영어,E,표현,예시문을 참고하여 목적에 맞는 글을 쓴다.,Can write for a purpose by referring to example texts.,apply,A1,,,,,basic_800,교육부 고시 제2022-33호 [별책14] 영어과 교육과정,,2025-03-01,verified,2026-04-05,교육부 고시 + EJCE 논문 대조
[22-6영02-09],2022_E56_ENG_E_09,2022,elementary,5-6,2022_ENG_E,영어,E,표현,적절한 매체와 전략을 활용하여 창의적으로 의미를 표현한다.,Can express meaning creatively using appropriate media and strategies.,create,A1,,,,,basic_800,교육부 고시 제2022-33호 [별책14] 영어과 교육과정,,2025-03-01,verified,2026-04-05,교육부 고시 + EJCE 논문 대조
[22-9영02-01],2022_9영02_01,2022,middle,1-3,2022_ENG_M,영어(중등),E,표현,"연음이나 축약된 소리를 활용하여 단어, 어구, 문장을 말한다.","Can describe people, objects, and places around them.",apply,A2,,,,,1200,교육부 고시 제2022-33호 [별책14] 영어과 교육과정,,2025-03-01,verified,2026-04-06,평가원 연구보고서(2022 개정 초·중학교 영어과 성취수준 개발 연구) 대조 완료
[22-9영02-02],2022_9영02_02,2022,middle,1-3,2022_ENG_M,영어(중등),E,표현,대상이나 인물의 감정을 묘사한다.,Can express one's opinions or feelings about familiar topics.,apply,A2,,,,,1200,교육부 고시 제2022-33호 [별책14] 영어과 교육과정,,2025-03-01,verified,2026-04-06,평가원 연구보고서(2022 개정 초·중학교 영어과 성취수준 개발 연구) 대조 완료
[22-9영02-03],2022_9영02_03,2022,middle,1-3,2022_ENG_M,영어(중등),E,표현,친숙한 주제에 관해 사실적 정보를 설명한다.,Can briefly ask and answer about familiar topics.,apply,A2,,,,,1200,교육부 고시 제2022-33호 [별책14] 영어과 교육과정,,2025-03-01,verified,2026-04-06,평가원 연구보고서(2022 개정 초·중학교 영어과 성취수준 개발 연구) 대조 완료
[22-9영02-04],2022_9영02_04,2022,middle,1-3,2022_ENG_M,영어(중등),E,표현,친숙한 주제에 관해 경험이나 계획을 설명한다.,Can talk or write about one's experiences or plans.,apply,A2,,,,,1200,교육부 고시 제2022-33호 [별책14] 영어과 교육과정,,2025-03-01,verified,2026-04-06,평가원 연구보고서(2022 개정 초·중학교 영어과 성취수준 개발 연구) 대조 완료
[22-9영02-05],2022_9영02_05,2022,middle,1-3,2022_ENG_M,영어(중등),E,표현,친숙한 주제에 관해 일이나 사건의 논리적 관계를 설명한다.,"Can give simple presentations or write using pictures, photos, or charts.",apply,A2,,,,,1200,교육부 고시 제2022-33호 [별책14] 영어과 교육과정,,2025-03-01,verified,2026-04-06,평가원 연구보고서(2022 개정 초·중학교 영어과 성취수준 개발 연구) 대조 완료
[22-9영02-06],2022_9영02_06,2022,middle,1-3,2022_ENG_M,영어(중등),E,표현,친숙한 주제에 관해 자신의 의견을 주장한다.,"Can write simple forms (letters, emails, etc.) or texts appropriate for the situation.",apply,A2,,,,,1200,교육부 고시 제2022-33호 [별책14] 영어과 교육과정,,2025-03-01,verified,2026-04-06,평가원 연구보고서(2022 개정 초·중학교 영어과 성취수준 개발 연구) 대조 완료
[22-9영02-07],2022_9영02_07,2022,middle,1-3,2022_ENG_M,영어(중등),E,표현,친숙한 주제에 관해 듣거나 읽고 내용을 요약한다.,Can communicate appropriately for the purpose and situation using suitable strategies.,apply,A2,,,,,1200,교육부 고시 제2022-33호 [별책14] 영어과 교육과정,,2025-03-01,verified,2026-04-06,평가원 연구보고서(2022 개정 초·중학교 영어과 성취수준 개발 연구) 대조 완료
[22-9영02-08],2022_9영02_08,2022,middle,1-3,2022_ENG_M,영어(중등),E,표현,"간단한 일기, 편지, 이메일 등의 글을 쓴다.",Can express meaning creatively using various media.,create,A2,,,,,1200,교육부 고시 제2022-33호 [별책14] 영어과 교육과정,,2025-03-01,verified,2026-04-06,평가원 연구보고서(2022 개정 초·중학교 영어과 성취수준 개발 연구) 대조 완료
[22-9영02-09],2022_9영02_09,2022,middle,1-3,2022_ENG_M,영어(중등),E,표현,적절한 매체를 활용하여 정보 윤리를 준수하며 말하거나 쓴다.,Can communicate cooperatively while being considerate of others.,apply,A2,,,,,1200,교육부 고시 제2022-33호 [별책14] 영어과 교육과정,,2025-03-01,verified,2026-04-06,평가원 연구보고서(2022 개정 초·중학교 영어과 성취수준 개발 연구) 대조 완료
[22-9영02-10],2022_9영02_10,2022,middle,1-3,2022_ENG_M,영어(중등),E,표현,적절한 전략을 활용하여 상황이나 목적에 맞게 말하거나 쓴다.,Can actively speak or write about various topics related to one's interests.,apply,A2,,,,,1200,교육부 고시 제2022-33호 [별책14] 영어과 교육과정,,2025-03-01,verified,2026-04-06,평가원 연구보고서(2022 개정 초·중학교 영어과 성취수준 개발 연구) 대조 완료
[10공영1-02-01],2022_10공영1_02_01,2022,high,고1,2022_ENG_C1,공통영어1,E,표현,자신의 생각이나 감정을 말하거나 쓴다.,Can speak or write one's thoughts or feelings.,apply,B1,,,,,2800,교육부 고시 제2022-33호 [별책14] 영어과 교육과정,,2025-03-01,needs_review,2026-04-05,교육부 고시 구조 기반 — 원문 대조 필요
[10공영1-02-02],2022_10공영1_02_02,2022,high,고1,2022_ENG_C1,공통영어1,E,표현,듣거나 읽은 내용을 정리하여 말하거나 쓴다.,Can organize and speak or write about what was heard or read.,apply,B1,,,,,2800,교육부 고시 제2022-33호 [별책14] 영어과 교육과정,,2025-03-01,needs_review,2026-04-05,교육부 고시 구조 기반 — 원문 대조 필요
[10공영1-02-03],2022_10공영1_02_03,2022,high,고1,2022_ENG_C1,공통영어1,E,표현,친숙한 일반적 주제에 대해 듣거나 읽고 주요 정보를 요약하여 말하거나 쓴다.,Can summarize key information orally or in writing about familiar general topics.,apply,B1,,,,,2800,교육부 고시 제2022-33호 [별책14] 영어과 교육과정,,2025-03-01,needs_review,2026-04-05,교육부 고시 구조 기반 — 원문 대조 필요
[10공영1-02-04],2022_10공영1_02_04,2022,high,고1,2022_ENG_C1,공통영어1,E,표현,상황과 목적에 맞게 간단한 글을 쓴다.,Can write simple texts appropriately for the situation and purpose.,apply,B1,,,,,2800,교육부 고시 제2022-33호 [별책14] 영어과 교육과정,,2025-03-01,needs_review,2026-04-05,교육부 고시 구조 기반 — 원문 대조 필요
[10공영1-02-05],2022_10공영1_02_05,2022,high,고1,2022_ENG_C1,공통영어1,E,표현,적절한 전략을 활용하여 목적과 상황에 맞게 의사소통한다.,Can communicate appropriately using suitable strategies.,apply,B1,,,,,2800,교육부 고시 제2022-33호 [별책14] 영어과 교육과정,,2025-03-01,needs_review,2026-04-05,교육부 고시 구조 기반 — 원문 대조 필요
[10공영1-02-06],2022_10공영1_02_06,2022,high,고1,2022_ENG_C1,공통영어1,E,표현,다양한 매체를 활용하여 창의적으로 의미를 표현한다.,Can express meaning creatively using various media.,create,B1,,,,,2800,교육부 고시 제2022-33호 [별책14] 영어과 교육과정,,2025-03-01,needs_review,2026-04-05,교육부 고시 구조 기반 — 원문 대조 필요
[10공영1-02-07],2022_10공영1_02_07,2022,high,고1,2022_ENG_C1,공통영어1,E,표현,상대방의 의견을 존중하며 협력적으로 의사소통한다.,Can communicate cooperatively while respecting others' opinions.,apply,B1,,,,,2800,교육부 고시 제2022-33호 [별책14] 영어과 교육과정,,2025-03-01,needs_review,2026-04-05,교육부 고시 구조 기반 — 원문 대조 필요
[10공영1-02-08],2022_10공영1_02_08,2022,high,고1,2022_ENG_C1,공통영어1,E,표현,다양한 문화를 포용하고 공감하는 태도를 바탕으로 의미를 표현한다.,Can express meaning with an attitude of embracing diverse cultures with empathy.,apply,B1,,,,,2800,교육부 고시 제2022-33호 [별책14] 영어과 교육과정,,2025-03-01,needs_review,2026-04-05,교육부 고시 구조 기반 — 원문 대조 필요
[10공영2-02-01],2022_10공영2_02_01,2022,high,고1,2022_ENG_C2,공통영어2,E,표현,자신의 생각이나 감정을 논리적으로 말하거나 쓴다.,Can logically speak or write one's thoughts or feelings.,apply,B1,,,,,2800,교육부 고시 제2022-33호 [별책14] 영어과 교육과정,,2025-03-01,needs_review,2026-04-05,교육부 고시 구조 기반 — 원문 대조 필요
[10공영2-02-02],2022_10공영2_02_02,2022,high,고1,2022_ENG_C2,공통영어2,E,표현,듣거나 읽은 내용을 정리하여 말하거나 쓴다.,Can organize and speak or write about what was heard or read.,apply,B1,,,,,2800,교육부 고시 제2022-33호 [별책14] 영어과 교육과정,,2025-03-01,needs_review,2026-04-05,교육부 고시 구조 기반 — 원문 대조 필요
[10공영2-02-03],2022_10공영2_02_03,2022,high,고1,2022_ENG_C2,공통영어2,E,표현,친숙한 일반적 주제에 대해 주요 정보를 요약하여 발표하거나 쓴다.,Can summarize and present or write key information about familiar general topics.,apply,B1,,,,,2800,교육부 고시 제2022-33호 [별책14] 영어과 교육과정,,2025-03-01,needs_review,2026-04-05,교육부 고시 구조 기반 — 원문 대조 필요
[10공영2-02-04],2022_10공영2_02_04,2022,high,고1,2022_ENG_C2,공통영어2,E,표현,상황과 목적에 맞게 글을 쓴다.,Can write appropriately for the situation and purpose.,apply,B1,,,,,2800,교육부 고시 제2022-33호 [별책14] 영어과 교육과정,,2025-03-01,needs_review,2026-04-05,교육부 고시 구조 기반 — 원문 대조 필요
[10공영2-02-05],2022_10공영2_02_05,2022,high,고1,2022_ENG_C2,공통영어2,E,표현,적절한 전략을 활용하여 목적과 상황에 맞게 의사소통한다.,Can communicate appropriately using suitable strategies.,apply,B1,,,,,2800,교육부 고시 제2022-33호 [별책14] 영어과 교육과정,,2025-03-01,needs_review,2026-04-05,교육부 고시 구조 기반 — 원문 대조 필요
[10공영2-02-06],2022_10공영2_02_06,2022,high,고1,2022_ENG_C2,공통영어2,E,표현,다양한 매체를 활용하여 창의적으로 의미를 표현한다.,Can express meaning creatively using various media.,create,B1,,,,,2800,교육부 고시 제2022-33호 [별책14] 영어과 교육과정,,2025-03-01,needs_review,2026-04-05,교육부 고시 구조 기반 — 원문 대조 필요
[10공영2-02-07],2022_10공영2_02_07,2022,high,고1,2022_ENG_C2,공통영어2,E,표현,상대방의 의견을 존중하며 협력적으로 의사소통한다.,Can communicate cooperatively while respecting others' opinions.,apply,B1,,,,,2800,교육부 고시 제2022-33호 [별책14] 영어과 교육과정,,2025-03-01,needs_review,2026-04-05,교육부 고시 구조 기반 — 원문 대조 필요
[10공영2-02-08],2022_10공영2_02_08,2022,high,고1,2022_ENG_C2,공통영어2,E,표현,다양한 문화를 포용하고 공감하는 태도를 바탕으로 의미를 표현한다.,Can express meaning with an attitude of embracing diverse cultures with empathy.,apply,B1,,,,,2800,교육부 고시 제2022-33호 [별책14] 영어과 교육과정,,2025-03-01,needs_review,2026-04-05,교육부 고시 구조 기반 — 원문 대조 필요
[22-12영Ⅰ-02-01],2022_12영1_02_01,2022,high,고2-3,2022_ENG1,영어I,E,표현,다양한 주제에 대해 듣거나 읽고 세부 정보를 말하거나 쓴다.,Can speak or write details after listening to or reading about various topics.,apply,B1,,,,,3500+,교육부 고시 제2022-33호 [별책14] 영어과 교육과정,,2025-03-01,needs_review,2026-04-05,교육부 고시 구조 기반 — 원문 대조 필요
[22-12영Ⅰ-02-02],2022_12영1_02_02,2022,high,고2-3,2022_ENG1,영어I,E,표현,다양한 주제에 대해 자신의 의견이나 감정을 말하거나 쓴다.,Can speak or write one's opinions or feelings about various topics.,apply,B1,,,,,3500+,교육부 고시 제2022-33호 [별책14] 영어과 교육과정,,2025-03-01,needs_review,2026-04-05,교육부 고시 구조 기반 — 원문 대조 필요
[22-12영Ⅰ-02-03],2022_12영1_02_03,2022,high,고2-3,2022_ENG1,영어I,E,표현,듣거나 읽은 내용을 요약하여 말하거나 쓴다.,Can summarize and speak or write about what was heard or read.,apply,B1,,,,,3500+,교육부 고시 제2022-33호 [별책14] 영어과 교육과정,,2025-03-01,needs_review,2026-04-05,교육부 고시 구조 기반 — 원문 대조 필요
[22-12영Ⅰ-02-04],2022_12영1_02_04,2022,high,고2-3,2022_ENG1,영어I,E,표현,상황과 목적에 맞는 글을 쓴다.,Can write appropriately for the situation and purpose.,apply,B1,,,,,3500+,교육부 고시 제2022-33호 [별책14] 영어과 교육과정,,2025-03-01,needs_review,2026-04-05,교육부 고시 구조 기반 — 원문 대조 필요
[22-12영Ⅰ-02-05],2022_12영1_02_05,2022,high,고2-3,2022_ENG1,영어I,E,표현,적절한 전략을 활용하여 목적과 상황에 맞게 의사소통한다.,Can communicate appropriately using suitable strategies.,apply,B1,,,,,3500+,교육부 고시 제2022-33호 [별책14] 영어과 교육과정,,2025-03-01,needs_review,2026-04-05,교육부 고시 구조 기반 — 원문 대조 필요
[22-12영Ⅰ-02-06],2022_12영1_02_06,2022,high,고2-3,2022_ENG1,영어I,E,표현,다양한 매체를 활용하여 창의적으로 의미를 표현한다.,Can express meaning creatively using various media.,create,B1,,,,,3500+,교육부 고시 제2022-33호 [별책14] 영어과 교육과정,,2025-03-01,needs_review,2026-04-05,교육부 고시 구조 기반 — 원문 대조 필요
[22-12영Ⅰ-02-07],2022_12영1_02_07,2022,high,고2-3,2022_ENG1,영어I,E,표현,상대방의 의견을 존중하며 협력적으로 의사소통한다.,Can communicate cooperatively while respecting others' opinions.,apply,B1,,,,,3500+,교육부 고시 제2022-33호 [별책14] 영어과 교육과정,,2025-03-01,needs_review,2026-04-05,교육부 고시 구조 기반 — 원문 대조 필요
[22-12영Ⅰ-02-08],2022_12영1_02_08,2022,high,고2-3,2022_ENG1,영어I,E,표현,우리 문화 및 타 문화에 대해 포용하고 공감하는 태도를 바탕으로 의미를 표현한다.,Can express meaning with empathy and embrace of our and other cultures.,apply,B1,,,,,3500+,교육부 고시 제2022-33호 [별책14] 영어과 교육과정,,2025-03-01,needs_review,2026-04-05,교육부 고시 구조 기반 — 원문 대조 필요
[22-12영Ⅱ-02-01],2022_12영2_02_01,2022,high,고2-3,2022_ENG2,영어II,E,표현,다양한 주제에 대해 듣거나 읽고 정보를 요약하여 말하거나 쓴다.,Can summarize information orally or in writing about various topics.,apply,B2,,,,,3500+,교육부 고시 제2022-33호 [별책14] 영어과 교육과정,,2025-03-01,needs_review,2026-04-05,교육부 고시 구조 기반 — 원문 대조 필요
[22-12영Ⅱ-02-02],2022_12영2_02_02,2022,high,고2-3,2022_ENG2,영어II,E,표현,다양한 주제에 대해 자신의 의견이나 감정을 논리적으로 말하거나 쓴다.,Can logically speak or write opinions or feelings about various topics.,apply,B2,,,,,3500+,교육부 고시 제2022-33호 [별책14] 영어과 교육과정,,2025-03-01,needs_review,2026-04-05,교육부 고시 구조 기반 — 원문 대조 필요
[22-12영Ⅱ-02-03],2022_12영2_02_03,2022,high,고2-3,2022_ENG2,영어II,E,표현,상황과 목적에 맞는 글을 쓴다.,Can write appropriately for the situation and purpose.,apply,B2,,,,,3500+,교육부 고시 제2022-33호 [별책14] 영어과 교육과정,,2025-03-01,needs_review,2026-04-05,교육부 고시 구조 기반 — 원문 대조 필요
[22-12영Ⅱ-02-04],2022_12영2_02_04,2022,high,고2-3,2022_ENG2,영어II,E,표현,적절한 전략을 활용하여 목적과 상황에 맞게 의사소통한다.,Can communicate appropriately using suitable strategies.,apply,B2,,,,,3500+,교육부 고시 제2022-33호 [별책14] 영어과 교육과정,,2025-03-01,needs_review,2026-04-05,교육부 고시 구조 기반 — 원문 대조 필요
[22-12영Ⅱ-02-05],2022_12영2_02_05,2022,high,고2-3,2022_ENG2,영어II,E,표현,다양한 매체를 활용하여 창의적으로 의미를 표현한다.,Can express meaning creatively using various media.,create,B2,,,,,3500+,교육부 고시 제2022-33호 [별책14] 영어과 교육과정,,2025-03-01,needs_review,2026-04-05,교육부 고시 구조 기반 — 원문 대조 필요
[22-12영Ⅱ-02-06],2022_12영2_02_06,2022,high,고2-3,2022_ENG2,영어II,E,표현,상대방의 의견을 존중하며 협력적으로 의사소통한다.,Can communicate cooperatively while respecting others' opinions.,apply,B2,,,,,3500+,교육부 고시 제2022-33호 [별책14] 영어과 교육과정,,2025-03-01,needs_review,2026-04-05,교육부 고시 구조 기반 — 원문 대조 필요
[22-12영Ⅱ-02-07],2022_12영2_02_07,2022,high,고2-3,2022_ENG2,영어II,E,표현,다양한 문화와 관점에 대해 포용하고 공감하는 태도를 바탕으로 의미를 표현한다.,Can express meaning with empathy and embrace of diverse cultures and perspectives.,apply,B2,,,,,3500+,교육부 고시 제2022-33호 [별책14] 영어과 교육과정,,2025-03-01,needs_review,2026-04-05,교육부 고시 구조 기반 — 원문 대조 필요
[22-12영Ⅱ-02-08],2022_12영2_02_08,2022,high,고2-3,2022_ENG2,영어II,E,표현,비교적 다양한 주제에 대해 상황과 목적에 맞게 의사소통한다.,Can communicate appropriately about relatively diverse topics.,apply,B2,,,,,3500+,교육부 고시 제2022-33호 [별책14] 영어과 교육과정,,2025-03-01,needs_review,2026-04-05,교육부 고시 구조 기반 — 원문 대조 필요
[22-4영01-10],2022_E34_ENG_U_10,2022,elementary,3-4,2022_ENG_E,영어,U,이해,자기 주변 주제나 문화에 관한 담화나 문장을 존중의 태도로 듣거나 읽는다.,,understand,A1,,,,,basic_300,교육부 고시 제2022-33호 [별책14] 영어과 교육과정,,2025-03-01,verified,2026-04-06,평가원 연구보고서 대조 완료
[22-4영02-05],2022_E34_ENG_E_05,2022,elementary,3-4,2022_ENG_E,영어,E,표현,"자신, 주변 사람이나 사물의 소개나 묘사를 쉽고 간단한 문장으로 말하거나 보고 쓴다.",,apply,A1,,,,,basic_300,교육부 고시 제2022-33호 [별책14] 영어과 교육과정,,2025-03-01,verified,2026-04-06,평가원 연구보고서 대조 완료
[22-4영02-06],2022_E34_ENG_E_06,2022,elementary,3-4,2022_ENG_E,영어,E,표현,행동 지시를 쉽고 간단한 문장으로 말하거나 보고 쓴다.,,apply,A1,,,,,basic_300,교육부 고시 제2022-33호 [별책14] 영어과 교육과정,,2025-03-01,verified,2026-04-06,평가원 연구보고서 대조 완료
[22-4영02-10],2022_E34_ENG_E_10,2022,elementary,3-4,2022_ENG_E,영어,E,표현,의사소통 활동에 흥미와 자신감을 가지고 대화 예절을 지키며 참여한다.,,apply,A1,,,,,basic_300,교육부 고시 제2022-33호 [별책14] 영어과 교육과정,,2025-03-01,verified,2026-04-06,평가원 연구보고서 대조 완료
[22-6영01-10],2022_E56_ENG_U_10,2022,elementary,5-6,2022_ENG_E,영어,U,이해,일상생활 주제나 문화에 관한 담화나 글을 포용의 태도로 듣거나 읽는다.,,understand,A1,,,,,basic_800,교육부 고시 제2022-33호 [별책14] 영어과 교육과정,,2025-03-01,verified,2026-04-06,평가원 연구보고서 대조 완료
[22-6영02-10],2022_E56_ENG_E_10,2022,elementary,5-6,2022_ENG_E,영어,E,표현,의사소통 활동에 흥미와 자신감을 가지고 참여하여 협력적으로 수행한다.,,apply,A1,,,,,basic_800,교육부 고시 제2022-33호 [별책14] 영어과 교육과정,,2025-03-01,verified,2026-04-06,평가원 연구보고서 대조 완료
[22-9영02-11],2022_M_ENG_E_11,2022,middle,1-3,2022_ENG_M,영어(중등),E,표현,상대방을 배려하는 태도로 말하거나 쓴다.,,apply,A2,,,,,1200,교육부 고시 제2022-33호 [별책14] 영어과 교육과정,,2025-03-01,verified,2026-04-06,평가원 연구보고서 대조 완료
